CREATE DATABASE  IF NOT EXISTS `socialmedia` /*!40100 DEFAULT CHARACTER SET utf8 */;
USE `socialmedia`;
-- MySQL dump 10.13  Distrib 5.7.9, for Win64 (x86_64)
--
-- Host: localhost    Database: socialmedia
-- ------------------------------------------------------
-- Server version	5.7.13-log

/*!40101 SET @OLD_CHARACTER_SET_CLIENT=@@CHARACTER_SET_CLIENT */;
/*!40101 SET @OLD_CHARACTER_SET_RESULTS=@@CHARACTER_SET_RESULTS */;
/*!40101 SET @OLD_COLLATION_CONNECTION=@@COLLATION_CONNECTION */;
/*!40101 SET NAMES utf8 */;
/*!40103 SET @OLD_TIME_ZONE=@@TIME_ZONE */;
/*!40103 SET TIME_ZONE='+00:00' */;
/*!40014 SET @OLD_UNIQUE_CHECKS=@@UNIQUE_CHECKS, UNIQUE_CHECKS=0 */;
/*!40014 SET @OLD_FOREIGN_KEY_CHECKS=@@FOREIGN_KEY_CHECKS, FOREIGN_KEY_CHECKS=0 */;
/*!40101 SET @OLD_SQL_MODE=@@SQL_MODE, SQL_MODE='NO_AUTO_VALUE_ON_ZERO' */;
/*!40111 SET @OLD_SQL_NOTES=@@SQL_NOTES, SQL_NOTES=0 */;

--
-- Table structure for table `comment`
--

DROP TABLE IF EXISTS `comment`;
/*!40101 SET @saved_cs_client     = @@character_set_client */;
/*!40101 SET character_set_client = utf8 */;
CREATE TABLE `comment` (
  `id_comment` int(11) NOT NULL,
  `message` varchar(100) NOT NULL,
  `created` timestamp NOT NULL DEFAULT CURRENT_TIMESTAMP ON UPDATE CURRENT_TIMESTAMP,
  `id_profile` int(11) NOT NULL,
  `id_message` int(11) NOT NULL,
  PRIMARY KEY (`id_comment`),
  KEY `FK_Comment_Profile` (`id_profile`),
  KEY `FK_Comment_Message` (`id_message`),
  CONSTRAINT `FK_Comment_Message` FOREIGN KEY (`id_message`) REFERENCES `message` (`id_message`),
  CONSTRAINT `FK_Comment_Profile` FOREIGN KEY (`id_profile`) REFERENCES `profile` (`id_profile`)
) ENGINE=InnoDB DEFAULT CHARSET=utf8;
/*!40101 SET character_set_client = @saved_cs_client */;

--
-- Dumping data for table `comment`
--

LOCK TABLES `comment` WRITE;
/*!40000 ALTER TABLE `comment` DISABLE KEYS */;
INSERT INTO `comment` VALUES (1,'senectus et netus et malesuada','2017-07-11 20:36:40',45,301),(2,'orci, consectetuer euismod est','2017-04-19 09:59:49',3,228),(3,'gravida. Praesent eu nulla at','2016-12-26 23:55:00',96,977),(4,'Proin ultrices. Duis volutpat nunc sit amet','2018-06-30 09:09:09',27,2),(5,'vitae erat vel pede blandit congue. In','2017-07-02 22:18:43',30,160),(6,'Nunc quis','2017-02-09 11:34:56',9,721),(7,'penatibus et magnis dis parturient montes, nascetur ridiculus','2018-07-20 10:21:13',24,760),(8,'justo nec ante. Maecenas mi felis, adipiscing fringilla, porttitor vulputate,','2017-12-27 02:07:28',4,540),(9,'lectus','2017-12-19 00:03:01',60,948),(10,'eros','2017-12-26 09:48:16',27,671),(11,'erat volutpat. Nulla','2017-06-20 07:13:42',19,358),(12,'cursus. Nunc mauris elit, dictum eu, eleifend','2017-10-29 11:32:25',87,369),(13,'urna justo faucibus lectus, a sollicitudin orci sem eget massa.','2017-07-27 22:14:47',87,236),(14,'nisl elementum purus, accumsan interdum libero','2017-12-11 19:53:26',34,1021),(15,'gravida molestie arcu. Sed','2017-08-01 20:51:32',98,46),(16,'non, lacinia at, iaculis','2017-10-09 11:01:22',14,883),(17,'commodo hendrerit. Donec porttitor tellus non magna. Nam ligula','2016-12-19 19:47:51',100,359),(18,'metus. In','2017-05-19 11:15:58',65,237),(19,'vitae, sodales','2018-06-25 18:20:18',56,468),(20,'gravida sagittis. Duis gravida. Praesent','2018-07-10 12:59:56',59,1006),(21,'id magna et ipsum cursus vestibulum.','2018-01-23 02:54:51',12,170),(22,'fames ac turpis egestas. Aliquam fringilla cursus purus.','2018-11-05 05:40:16',37,643),(23,'non arcu. Vivamus sit amet','2017-06-29 10:22:20',67,217),(24,'dolor vitae dolor. Donec fringilla. Donec feugiat metus','2017-03-13 14:29:23',31,329),(25,'consectetuer adipiscing elit. Curabitur sed tortor.','2018-03-28 14:23:40',81,877),(26,'Curae; Phasellus ornare. Fusce mollis. Duis','2018-08-31 22:41:55',3,196),(27,'nibh','2018-01-22 21:27:43',17,486),(28,'Donec feugiat metus sit amet ante. Vivamus non','2016-11-27 08:29:25',17,149),(29,'ac turpis egestas. Fusce','2018-08-31 22:16:47',57,732),(30,'Donec tempor, est ac mattis semper, dui lectus rutrum urna,','2018-02-23 11:20:51',54,292),(31,'Duis','2018-06-27 19:41:22',14,615),(32,'iaculis quis, pede. Praesent eu','2016-12-10 20:39:21',96,567),(33,'vitae, posuere at,','2017-07-24 18:07:28',91,712),(34,'eros. Nam consequat dolor vitae dolor. Donec','2017-07-29 15:44:13',74,629),(35,'orci','2018-10-15 19:32:56',73,777),(36,'pede. Praesent eu dui. Cum sociis natoque penatibus','2018-04-03 12:00:41',51,672),(37,'Cras eu tellus eu augue porttitor','2017-04-27 19:43:23',85,332),(38,'Donec felis orci, adipiscing non, luctus sit amet, faucibus','2018-03-21 01:06:10',27,1047),(39,'sed tortor. Integer aliquam','2017-05-17 07:10:40',54,779),(40,'Donec egestas. Aliquam nec','2017-09-05 08:43:32',94,495),(41,'non, egestas','2017-08-27 08:20:41',50,779),(42,'turpis egestas. Aliquam fringilla cursus purus. Nullam scelerisque','2018-03-21 02:20:27',75,50),(43,'ante. Vivamus non lorem vitae odio sagittis semper. Nam tempor','2016-11-12 11:43:28',10,365),(44,'auctor odio a purus. Duis elementum, dui quis','2018-06-28 08:39:33',29,742),(45,'tempor augue ac ipsum. Phasellus','2017-06-09 03:06:58',84,623),(46,'purus. Nullam scelerisque neque','2018-09-17 01:31:11',86,300),(47,'mollis. Duis sit amet diam eu dolor egestas rhoncus.','2018-05-10 00:15:12',80,612),(48,'natoque penatibus et magnis dis','2018-09-01 17:30:03',38,655),(49,'lobortis quis, pede.','2018-03-07 12:47:41',84,148),(50,'convallis','2018-02-21 11:12:56',10,87),(51,'a tortor. Nunc commodo','2017-05-27 08:10:30',30,203),(52,'turpis. Nulla aliquet. Proin velit. Sed malesuada augue ut lacus.','2017-03-22 09:08:42',14,288),(53,'et netus et malesuada fames ac turpis egestas. Aliquam fringilla','2018-01-15 14:07:15',83,950),(54,'ac mattis','2018-05-23 10:57:04',59,515),(55,'metus. Aenean sed pede','2018-02-22 04:07:22',26,462),(56,'viverra. Donec tempus, lorem','2018-06-15 11:02:46',4,492),(57,'ipsum. Suspendisse sagittis. Nullam vitae diam. Proin dolor. Nulla','2018-05-12 08:46:40',79,145),(58,'In','2017-10-26 00:35:07',42,753),(59,'sit amet, dapibus id, blandit at,','2017-01-19 12:23:09',30,265),(60,'metus vitae velit egestas lacinia.','2018-06-12 10:26:30',33,132),(61,'eu metus. In lorem. Donec elementum,','2017-04-27 05:35:39',58,987),(62,'Nunc','2018-08-01 11:24:40',39,606),(63,'turpis non enim. Mauris quis turpis vitae purus gravida','2017-04-16 06:42:03',96,1067),(64,'mi','2018-04-27 16:16:30',12,961),(65,'sapien. Aenean','2017-11-28 21:07:33',100,547),(66,'parturient montes, nascetur ridiculus','2018-06-06 09:26:53',45,632),(67,'est. Mauris eu turpis. Nulla aliquet. Proin velit. Sed','2018-10-24 19:08:35',40,555),(68,'non ante','2017-10-15 09:43:51',94,878),(69,'libero. Donec consectetuer mauris id','2018-07-22 10:34:42',37,744),(70,'libero at auctor','2017-01-16 02:05:16',48,346),(71,'vestibulum, neque','2017-12-26 06:20:04',39,725),(72,'risus. Quisque libero lacus, varius et, euismod et,','2017-09-13 13:14:00',16,158),(73,'mi lacinia mattis. Integer eu lacus. Quisque imperdiet, erat','2018-06-02 00:20:44',38,66),(74,'Suspendisse aliquet, sem ut cursus luctus, ipsum leo elementum sem,','2017-03-20 01:41:16',53,753),(75,'Nullam lobortis quam','2018-09-27 18:11:09',32,355),(76,'sed pede. Cum sociis natoque penatibus et','2016-11-27 13:03:43',15,397),(77,'malesuada augue','2017-07-30 19:22:16',16,990),(78,'nisi magna sed dui. Fusce aliquam,','2018-06-13 19:18:49',40,632),(79,'mollis dui, in sodales elit erat vitae risus.','2017-01-23 20:00:05',95,715),(80,'blandit mattis. Cras eget nisi dictum augue malesuada','2017-08-01 06:55:37',67,721),(81,'imperdiet nec, leo. Morbi neque tellus, imperdiet','2018-10-03 08:03:34',7,803),(82,'orci luctus et ultrices','2017-01-15 14:35:19',58,973),(83,'sed, sapien. Nunc pulvinar arcu','2018-06-10 21:46:02',73,1035),(84,'ligula. Nullam feugiat placerat velit. Quisque varius. Nam porttitor','2018-04-12 03:26:40',84,389),(85,'tortor','2016-12-20 16:12:07',85,389),(86,'vitae erat vel pede blandit congue. In scelerisque scelerisque','2017-05-16 10:57:05',39,412),(87,'sit amet,','2017-04-09 10:46:04',58,624),(88,'Sed dictum. Proin eget odio. Aliquam vulputate ullamcorper magna.','2017-01-07 14:15:21',9,800),(89,'Cras','2018-01-27 14:21:21',36,684),(90,'nisi nibh lacinia','2018-08-27 04:19:35',19,169),(91,'ipsum sodales purus, in molestie tortor nibh sit amet orci.','2017-11-15 15:10:27',76,510),(92,'at risus. Nunc ac','2016-11-15 00:17:32',72,892),(93,'nisl elementum purus, accumsan interdum libero dui nec','2018-02-05 07:34:33',5,549),(94,'pharetra, felis eget varius ultrices, mauris','2017-08-17 23:12:34',49,160),(95,'pretium et, rutrum non, hendrerit','2018-07-31 00:52:38',31,831),(96,'natoque penatibus et magnis dis parturient montes,','2017-12-27 21:06:24',20,536),(97,'Suspendisse aliquet molestie tellus. Aenean egestas hendrerit neque. In','2018-07-31 19:55:53',36,453),(98,'ac, eleifend','2017-03-29 19:53:05',65,904),(99,'aliquet odio. Etiam','2018-01-28 08:56:30',63,716),(100,'facilisis vitae, orci. Phasellus dapibus','2017-05-16 16:19:08',26,522),(101,'neque sed sem egestas blandit. Nam nulla','2017-12-24 21:08:39',89,848),(102,'enim','2017-01-10 04:05:26',93,562),(103,'non, lobortis quis, pede. Suspendisse dui. Fusce diam nunc,','2017-11-19 07:24:38',64,480),(104,'natoque penatibus et','2018-02-02 06:18:23',17,884),(105,'est, vitae sodales nisi magna sed dui.','2017-10-27 10:59:49',91,442),(106,'Aliquam gravida mauris ut mi. Duis risus odio, auctor','2017-06-15 06:01:53',73,730),(107,'Nunc ullamcorper, velit in aliquet lobortis, nisi nibh lacinia','2017-10-27 04:57:30',2,1034),(108,'pretium neque.','2017-01-07 04:49:08',10,714),(109,'elementum','2018-02-18 04:14:43',12,105),(110,'Donec est.','2018-08-28 01:22:46',60,82),(111,'euismod urna. Nullam lobortis quam','2017-06-04 10:06:10',13,732),(112,'sodales. Mauris blandit enim consequat','2018-07-19 00:35:25',99,1010),(113,'vel, vulputate eu, odio.','2017-04-12 13:01:24',4,643),(114,'penatibus et magnis','2018-04-08 13:41:39',14,366),(115,'justo eu arcu. Morbi sit amet massa. Quisque','2018-08-12 10:50:18',28,141),(116,'est arcu ac','2017-12-19 16:49:43',77,699),(117,'vulputate dui, nec tempus mauris erat eget ipsum. Suspendisse sagittis.','2017-12-21 13:03:40',90,1069),(118,'mollis lectus pede et risus. Quisque libero lacus,','2017-06-28 14:06:42',30,1098),(119,'sed consequat auctor, nunc nulla vulputate','2018-09-24 01:32:21',15,224),(120,'neque. Nullam nisl. Maecenas malesuada fringilla est.','2018-02-18 21:04:08',84,434),(121,'erat, eget tincidunt dui augue','2018-07-20 07:41:29',36,791),(122,'vulputate','2018-09-10 18:02:48',12,559),(123,'Morbi non sapien molestie orci','2017-02-15 19:03:44',15,192),(124,'ultrices, mauris ipsum porta elit, a feugiat tellus','2018-10-01 07:20:16',10,302),(125,'nec, mollis vitae, posuere at, velit. Cras lorem lorem, luctus','2018-02-26 00:12:35',87,887),(126,'Fusce dolor quam, elementum at, egestas a,','2017-12-18 05:35:28',6,402),(127,'est ac mattis semper, dui lectus rutrum urna, nec','2017-01-26 15:35:04',27,224),(128,'blandit','2018-07-19 12:33:55',52,536),(129,'at,','2017-09-20 20:47:08',96,395),(130,'convallis in, cursus et, eros. Proin','2018-08-29 09:16:25',84,852),(131,'egestas blandit. Nam nulla magna, malesuada vel, convallis in,','2017-08-18 13:05:08',64,339),(132,'et netus et malesuada fames ac turpis','2017-01-27 06:41:16',20,388),(133,'dignissim tempor arcu. Vestibulum ut eros','2018-08-31 20:26:48',20,816),(134,'Aenean gravida nunc sed','2017-05-22 01:38:09',77,792),(135,'est tempor bibendum. Donec felis orci, adipiscing non,','2017-04-21 14:52:10',54,498),(136,'a felis ullamcorper viverra. Maecenas','2017-08-10 09:36:09',60,562),(137,'vitae mauris sit amet lorem semper auctor. Mauris vel turpis.','2018-08-17 08:20:16',23,538),(138,'Nullam vitae diam.','2018-07-28 03:22:50',99,467),(139,'dictum magna. Ut tincidunt','2018-04-19 23:27:25',30,902),(140,'mus. Donec dignissim magna a tortor.','2017-05-02 08:36:29',41,51),(141,'Maecenas ornare egestas ligula. Nullam feugiat placerat velit. Quisque varius.','2017-11-24 20:49:33',56,334),(142,'et, euismod et, commodo at,','2017-04-29 18:15:08',67,518),(143,'egestas, urna justo faucibus lectus, a sollicitudin orci','2018-06-07 23:05:35',40,1002),(144,'eu dui.','2017-10-23 04:36:18',32,432),(145,'at risus. Nunc ac sem ut dolor dapibus gravida. Aliquam','2017-04-28 12:30:01',94,202),(146,'Nunc laoreet lectus quis massa. Mauris vestibulum, neque','2017-02-09 11:38:51',42,383),(147,'vulputate','2018-09-29 02:44:45',67,116),(148,'gravida. Aliquam','2017-11-02 01:30:41',27,721),(149,'fringilla, porttitor vulputate, posuere vulputate, lacus.','2017-04-30 05:24:23',80,113),(150,'eget, dictum placerat, augue. Sed','2018-10-26 17:26:18',10,810),(151,'lorem ipsum sodales purus, in molestie tortor nibh sit amet','2017-11-15 19:50:55',83,759),(152,'lorem ut aliquam iaculis, lacus pede','2017-02-26 07:20:10',49,662),(153,'risus odio, auctor vitae, aliquet nec, imperdiet nec, leo. Morbi','2017-06-26 23:42:00',22,841),(154,'tellus. Suspendisse sed dolor. Fusce','2018-10-21 07:32:50',64,571),(155,'venenatis lacus. Etiam','2017-07-18 16:03:37',66,354),(156,'iaculis quis, pede. Praesent eu dui.','2017-11-20 17:48:43',38,736),(157,'Nullam vitae diam. Proin','2017-11-08 16:05:34',13,440),(158,'non, feugiat nec, diam. Duis mi enim,','2017-06-21 22:24:26',66,42),(159,'feugiat non, lobortis quis, pede. Suspendisse','2018-02-28 08:17:21',42,1064),(160,'eget, venenatis a, magna.','2018-07-31 18:03:53',32,264),(161,'Pellentesque habitant morbi tristique senectus et netus et malesuada fames','2017-02-24 07:40:11',85,564),(162,'elit, pharetra ut, pharetra sed,','2017-09-17 18:41:15',52,139),(163,'ante. Vivamus non lorem','2017-02-10 14:05:29',1,585),(164,'est, mollis non, cursus non, egestas a, dui. Cras','2017-11-10 08:58:59',22,993),(165,'pellentesque massa lobortis ultrices. Vivamus rhoncus. Donec est.','2017-01-23 06:21:13',16,1056),(166,'at, nisi.','2017-03-30 20:35:36',28,544),(167,'lorem ipsum sodales','2018-04-11 05:58:45',92,854),(168,'in,','2018-10-12 05:48:54',66,863),(169,'at arcu. Vestibulum ante ipsum primis in faucibus orci luctus','2018-07-09 11:28:41',95,15),(170,'vitae,','2017-11-16 03:59:07',58,873),(171,'Suspendisse non leo. Vivamus','2017-07-05 00:03:47',94,314),(172,'Duis volutpat nunc sit amet metus. Aliquam erat','2018-06-08 20:43:14',80,406),(173,'mauris a nunc. In at pede. Cras vulputate','2017-04-06 02:26:05',14,405),(174,'vitae, posuere','2017-02-24 12:57:54',80,1076),(175,'tristique aliquet. Phasellus fermentum convallis ligula. Donec luctus','2018-04-01 08:21:50',34,934),(176,'sodales at, velit. Pellentesque ultricies dignissim lacus.','2017-09-23 17:52:16',29,896),(177,'amet metus. Aliquam erat volutpat. Nulla facilisis. Suspendisse commodo tincidunt','2017-07-02 17:46:47',62,894),(178,'gravida','2016-12-03 02:36:49',8,882),(179,'justo nec ante.','2018-01-12 04:10:57',68,446),(180,'consectetuer ipsum nunc id enim. Curabitur massa. Vestibulum accumsan','2017-09-20 04:16:23',31,676),(181,'diam vel arcu. Curabitur','2017-05-05 10:31:38',71,97),(182,'ipsum leo elementum sem,','2017-06-15 06:01:53',94,231),(183,'suscipit, est ac facilisis facilisis, magna tellus faucibus','2017-08-17 10:38:06',89,21),(184,'lorem semper','2017-01-18 03:09:09',11,981),(185,'lacinia orci, consectetuer euismod est','2017-12-10 17:00:29',63,431),(186,'non enim commodo hendrerit. Donec','2018-03-20 20:43:02',56,399),(187,'neque sed sem egestas','2018-10-20 21:46:08',30,777),(188,'nec, euismod in, dolor. Fusce','2018-07-23 23:59:13',99,958),(189,'morbi tristique senectus et netus et malesuada fames ac','2018-06-12 03:44:11',17,3),(190,'interdum enim non nisi.','2018-07-09 01:49:01',34,70),(191,'gravida molestie arcu. Sed eu nibh vulputate mauris sagittis placerat.','2018-07-17 17:00:41',83,352),(192,'dictum. Phasellus','2017-09-25 03:34:23',74,595),(193,'pede. Suspendisse dui.','2017-07-24 16:26:54',7,454),(194,'ut odio vel est tempor bibendum. Donec felis','2018-01-03 15:58:52',16,525),(195,'Integer aliquam adipiscing','2017-02-26 02:43:51',56,873),(196,'sed consequat auctor, nunc nulla vulputate dui,','2018-06-30 14:48:31',87,845),(197,'interdum','2017-10-30 00:14:12',12,267),(198,'In lorem. Donec elementum,','2017-10-07 07:22:54',95,901),(199,'luctus lobortis. Class aptent taciti sociosqu ad litora torquent per','2017-11-13 05:32:19',3,338),(200,'orci, adipiscing','2018-06-05 18:29:43',79,760),(201,'ola','2018-06-30 09:09:09',27,2),(202,'tudo bem ?','2018-06-30 09:09:09',27,2);
/*!40000 ALTER TABLE `comment` ENABLE KEYS */;
UNLOCK TABLES;

--
-- Table structure for table `message`
--

DROP TABLE IF EXISTS `message`;
/*!40101 SET @saved_cs_client     = @@character_set_client */;
/*!40101 SET character_set_client = utf8 */;
CREATE TABLE `message` (
  `id_message` int(11) NOT NULL,
  `message` varchar(100) NOT NULL,
  `created` timestamp NOT NULL DEFAULT CURRENT_TIMESTAMP ON UPDATE CURRENT_TIMESTAMP,
  `id_profile` int(11) NOT NULL,
  PRIMARY KEY (`id_message`),
  KEY `FK_Message_Profile` (`id_profile`),
  CONSTRAINT `FK_Message_Profile` FOREIGN KEY (`id_profile`) REFERENCES `profile` (`id_profile`)
) ENGINE=InnoDB DEFAULT CHARSET=utf8;
/*!40101 SET character_set_client = @saved_cs_client */;

--
-- Dumping data for table `message`
--

LOCK TABLES `message` WRITE;
/*!40000 ALTER TABLE `message` DISABLE KEYS */;
INSERT INTO `message` VALUES (1,'dignissim lacus. Aliquam rutrum lorem ac risus. Morbi metus.','2018-07-04 22:52:53',1),(2,'ornare. In faucibus. Morbi vehicula. Pellentesque tincidunt','2016-11-29 08:27:45',2),(3,'interdum enim non','2017-04-14 21:18:53',3),(4,'per inceptos hymenaeos. Mauris ut quam vel sapien imperdiet ornare.','2018-04-17 10:56:16',4),(5,'posuere vulputate, lacus. Cras interdum. Nunc sollicitudin commodo ipsum. Suspendisse','2017-11-18 10:17:29',5),(6,'tellus. Nunc lectus','2017-02-01 06:28:32',6),(7,'vitae sodales','2018-04-25 02:07:19',7),(8,'dictum','2018-03-25 17:04:59',8),(9,'arcu eu odio tristique pharetra. Quisque ac libero','2017-08-14 17:16:54',9),(10,'ultrices sit amet,','2017-11-05 17:36:16',10),(11,'magna. Praesent interdum ligula eu enim. Etiam imperdiet dictum magna.','2016-12-04 18:39:37',11),(12,'erat','2017-10-10 23:17:11',12),(13,'sit amet luctus vulputate, nisi sem','2017-11-29 13:53:29',13),(14,'ultrices posuere cubilia Curae; Phasellus ornare. Fusce mollis.','2017-11-06 02:01:42',14),(15,'pulvinar arcu et pede. Nunc sed orci lobortis augue','2017-12-14 23:34:14',15),(16,'dui quis accumsan','2016-12-17 06:35:38',16),(17,'elementum purus,','2017-05-02 20:46:18',17),(18,'nibh','2017-11-30 13:52:08',18),(19,'dolor, tempus non, lacinia at, iaculis','2018-05-11 00:45:34',19),(20,'purus gravida sagittis. Duis gravida. Praesent','2018-04-14 05:38:37',20),(21,'Duis volutpat nunc sit','2017-11-12 04:40:17',21),(22,'porttitor tellus non magna. Nam','2017-06-27 10:25:05',22),(23,'Phasellus dolor elit, pellentesque','2016-10-29 11:03:35',23),(24,'placerat, orci lacus vestibulum lorem, sit','2018-03-20 02:26:26',24),(25,'aliquet, sem ut cursus luctus, ipsum leo elementum sem, vitae','2018-01-13 20:14:43',25),(26,'tellus. Suspendisse sed dolor. Fusce mi lorem, vehicula et, rutrum','2017-01-17 11:53:44',26),(27,'vehicula aliquet libero. Integer','2017-09-17 01:56:03',27),(28,'sed, est. Nunc','2016-12-09 13:08:56',28),(29,'sagittis felis. Donec tempor, est ac mattis semper,','2017-06-06 18:26:58',29),(30,'nulla. In tincidunt congue turpis. In condimentum.','2018-04-25 21:49:34',30),(31,'odio. Phasellus at','2017-07-02 09:56:06',31),(32,'Duis ac arcu. Nunc mauris. Morbi non sapien molestie','2018-04-04 09:18:01',32),(33,'orci, in consequat enim diam vel arcu. Curabitur','2017-04-13 17:00:40',33),(34,'dapibus gravida. Aliquam tincidunt, nunc','2018-01-06 10:09:39',34),(35,'arcu eu odio tristique pharetra.','2017-03-07 12:38:05',35),(36,'scelerisque neque. Nullam nisl. Maecenas malesuada fringilla','2017-03-09 23:12:54',36),(37,'Sed nec metus facilisis lorem tristique aliquet.','2017-01-12 18:41:58',37),(38,'Nulla interdum. Curabitur dictum. Phasellus in felis.','2016-11-18 06:19:02',38),(39,'vitae, sodales at, velit. Pellentesque ultricies dignissim lacus. Aliquam','2018-02-03 02:41:52',39),(40,'tristique aliquet.','2017-05-09 08:17:02',40),(41,'ac nulla. In tincidunt','2018-06-22 02:42:49',41),(42,'arcu eu','2017-12-14 15:46:04',42),(43,'a, aliquet vel,','2018-09-25 08:29:26',43),(44,'vestibulum massa rutrum magna. Cras convallis convallis','2017-09-07 05:59:30',44),(45,'aliquam, enim nec tempus scelerisque, lorem ipsum','2017-01-05 17:30:53',45),(46,'ipsum primis in faucibus orci luctus et ultrices posuere','2017-11-05 15:21:26',46),(47,'Morbi sit amet massa. Quisque porttitor eros nec','2018-07-21 12:10:57',47),(48,'Nunc pulvinar arcu et pede. Nunc sed','2017-08-08 00:47:01',48),(49,'auctor odio a purus. Duis elementum, dui quis accumsan convallis,','2018-06-29 12:44:08',49),(50,'nibh lacinia','2017-04-15 15:25:34',50),(51,'amet luctus','2017-08-24 00:45:45',51),(52,'urna, nec luctus felis purus ac','2017-07-27 16:12:55',52),(53,'sed leo.','2018-03-28 10:41:02',53),(54,'congue a, aliquet vel, vulputate eu, odio.','2018-04-04 05:57:00',54),(55,'erat. Etiam','2017-08-13 10:20:33',55),(56,'vitae','2017-12-20 16:38:15',56),(57,'eget metus eu erat','2017-05-05 18:21:40',57),(58,'non, cursus non, egestas a, dui. Cras pellentesque.','2016-11-10 07:46:06',58),(59,'malesuada','2017-10-11 01:41:25',59),(60,'magna. Sed eu eros. Nam consequat dolor vitae dolor.','2018-06-15 06:07:45',60),(61,'dictum magna. Ut tincidunt orci quis','2017-02-13 12:02:07',61),(62,'ligula. Aliquam erat volutpat. Nulla dignissim. Maecenas ornare egestas ligula.','2017-03-01 18:08:52',62),(63,'In mi','2018-03-27 10:25:21',63),(64,'interdum. Nunc','2018-04-26 08:02:23',64),(65,'pretium aliquet, metus urna convallis erat, eget tincidunt dui','2018-01-05 19:19:03',65),(66,'eu enim. Etiam imperdiet','2017-12-22 15:26:57',66),(67,'sagittis augue, eu tempor erat neque non quam.','2018-08-14 10:17:18',67),(68,'urna, nec luctus felis purus ac tellus. Suspendisse sed','2018-04-22 18:20:07',68),(69,'Ut tincidunt','2017-12-12 20:12:54',69),(70,'orci, adipiscing non, luctus sit','2016-12-31 18:44:46',70),(71,'ac ipsum. Phasellus','2017-04-14 23:46:23',71),(72,'eu,','2017-01-25 08:38:59',72),(73,'magnis','2017-08-02 21:21:45',73),(74,'Proin','2017-07-30 12:26:15',74),(75,'Donec tempor, est ac mattis','2017-10-21 16:50:40',75),(76,'auctor non, feugiat nec, diam. Duis mi','2017-03-03 05:52:41',76),(77,'per inceptos hymenaeos. Mauris ut quam vel sapien','2017-11-09 17:40:46',77),(78,'elementum purus, accumsan interdum libero dui','2017-04-13 18:57:13',78),(79,'mauris a nunc. In at','2017-02-18 23:17:52',79),(80,'lorem ac risus. Morbi metus. Vivamus euismod urna. Nullam lobortis','2018-09-19 07:10:31',80),(81,'Nullam','2017-08-31 01:30:38',81),(82,'vehicula aliquet libero. Integer','2017-08-19 06:17:57',82),(83,'auctor velit. Aliquam nisl.','2018-06-06 12:12:27',83),(84,'ad','2018-07-10 17:58:21',84),(85,'eleifend non, dapibus rutrum, justo. Praesent luctus. Curabitur egestas','2018-06-28 14:03:29',85),(86,'eu','2017-08-27 05:34:56',86),(87,'volutpat. Nulla facilisis. Suspendisse commodo tincidunt nibh. Phasellus nulla.','2017-11-12 23:07:13',87),(88,'In lorem. Donec elementum,','2017-12-02 03:10:42',88),(89,'interdum. Nunc sollicitudin','2018-07-31 14:40:40',89),(90,'non, lobortis quis, pede. Suspendisse dui.','2018-09-26 13:38:39',90),(91,'auctor velit. Aliquam nisl. Nulla eu neque pellentesque massa lobortis','2017-10-01 06:22:33',91),(92,'vitae diam. Proin dolor. Nulla','2018-04-25 14:05:04',92),(93,'purus, in molestie tortor nibh sit amet orci.','2018-04-27 06:48:19',93),(94,'eu, odio. Phasellus at augue id ante dictum cursus. Nunc','2018-08-27 15:09:08',94),(95,'Quisque ornare tortor at risus.','2018-07-04 20:08:01',95),(96,'et, lacinia vitae, sodales at, velit. Pellentesque ultricies dignissim lacus.','2016-12-07 22:15:11',96),(97,'gravida','2018-06-24 23:44:28',97),(98,'massa. Vestibulum accumsan neque et nunc. Quisque','2017-02-21 16:54:10',98),(99,'velit. Sed malesuada','2018-04-04 18:47:01',99),(100,'ipsum porta elit,','2017-03-25 11:54:51',100),(101,'tincidunt adipiscing. Mauris molestie pharetra nibh. Aliquam ornare, libero','2018-08-25 19:50:13',1),(102,'tellus eu augue porttitor interdum. Sed auctor odio','2017-12-01 23:18:08',2),(103,'Aliquam ultrices iaculis odio. Nam interdum enim non','2017-01-14 21:40:16',3),(104,'et tristique pellentesque, tellus','2017-02-17 06:04:35',4),(105,'Mauris blandit enim consequat purus. Maecenas libero','2018-10-17 13:34:18',5),(106,'semper.','2016-12-21 10:08:02',6),(107,'nascetur ridiculus mus. Proin vel arcu eu odio tristique pharetra.','2017-11-08 07:27:24',7),(108,'primis in faucibus','2018-04-10 06:13:01',8),(109,'Vivamus','2018-02-01 02:05:11',9),(110,'Donec nibh. Quisque nonummy ipsum non arcu. Vivamus sit amet','2018-06-07 11:47:46',10),(111,'elit.','2017-01-22 14:04:18',11),(112,'tellus sem mollis','2018-01-06 19:20:02',12),(113,'dui. Fusce aliquam, enim nec tempus scelerisque, lorem','2017-01-01 20:04:34',13),(114,'risus varius orci, in consequat enim','2018-05-18 09:08:45',14),(115,'commodo ipsum. Suspendisse','2017-04-05 16:19:46',15),(116,'Morbi sit amet massa. Quisque porttitor eros','2017-01-23 10:37:55',16),(117,'Sed id risus quis','2018-01-20 02:43:57',17),(118,'Nunc ut erat. Sed nunc est, mollis non, cursus','2018-03-17 01:23:59',18),(119,'nunc ac mattis ornare, lectus ante dictum mi,','2018-06-26 02:43:44',19),(120,'semper pretium neque. Morbi quis urna. Nunc','2017-09-30 23:39:54',20),(121,'libero. Donec consectetuer mauris id sapien. Cras dolor dolor, tempus','2017-11-09 17:39:47',21),(122,'rutrum magna. Cras convallis convallis dolor. Quisque tincidunt','2017-05-03 15:36:16',22),(123,'penatibus','2017-04-07 12:42:45',23),(124,'et ultrices','2016-12-04 01:20:40',24),(125,'mollis. Phasellus libero mauris, aliquam','2016-11-03 07:36:50',25),(126,'elit. Curabitur sed tortor.','2017-07-18 19:15:13',26),(127,'auctor, velit eget laoreet posuere, enim nisl elementum purus, accumsan','2017-12-30 13:12:44',27),(128,'lacinia vitae, sodales at, velit. Pellentesque ultricies dignissim','2017-07-04 13:00:17',28),(129,'Nulla semper tellus id nunc interdum feugiat. Sed','2016-12-10 21:31:26',29),(130,'blandit viverra. Donec tempus, lorem','2017-03-14 11:11:06',30),(131,'ante blandit','2017-01-05 12:03:32',31),(132,'non magna. Nam ligula','2017-08-16 21:13:15',32),(133,'taciti sociosqu ad litora torquent per conubia','2017-08-24 18:28:10',33),(134,'elit, a','2017-10-23 13:01:15',34),(135,'nibh. Quisque nonummy ipsum non arcu. Vivamus','2018-09-13 12:20:57',35),(136,'nec tempus scelerisque,','2018-09-27 03:07:32',36),(137,'lacus, varius et, euismod et, commodo at, libero. Morbi','2017-04-24 08:21:14',37),(138,'molestie dapibus ligula. Aliquam erat volutpat. Nulla dignissim. Maecenas','2017-03-17 10:35:24',38),(139,'nonummy. Fusce fermentum fermentum arcu. Vestibulum','2018-08-12 12:39:25',39),(140,'Sed neque.','2017-06-08 22:05:41',40),(141,'Fusce dolor quam, elementum at, egestas a, scelerisque','2018-08-01 00:21:15',41),(142,'a,','2018-09-17 12:22:47',42),(143,'Aliquam','2017-08-31 09:56:17',43),(144,'vestibulum lorem, sit amet ultricies sem magna nec quam. Curabitur','2017-12-10 08:49:10',44),(145,'lorem ipsum sodales purus, in','2016-10-29 16:55:36',45),(146,'Nullam scelerisque neque sed sem egestas','2017-03-15 23:37:49',46),(147,'et, rutrum non, hendrerit id, ante. Nunc mauris sapien, cursus','2018-08-21 00:20:51',47),(148,'convallis ligula. Donec luctus aliquet odio. Etiam','2017-08-26 06:47:03',48),(149,'Phasellus in felis. Nulla tempor augue ac ipsum. Phasellus','2017-05-16 22:32:07',49),(150,'nonummy. Fusce fermentum','2018-05-22 07:19:25',50),(151,'cursus et, magna. Praesent interdum ligula eu enim. Etiam imperdiet','2017-09-06 16:45:04',51),(152,'sit amet risus.','2017-12-05 10:36:40',52),(153,'Nulla eu neque','2017-03-27 10:38:43',53),(154,'torquent per conubia nostra,','2017-02-21 03:10:14',54),(155,'amet orci. Ut sagittis','2017-02-05 22:26:17',55),(156,'mauris eu elit. Nulla facilisi. Sed','2018-08-27 17:58:16',56),(157,'nec tempus scelerisque, lorem ipsum','2018-02-03 14:28:52',57),(158,'ornare, lectus','2018-08-13 11:04:35',58),(159,'sem. Nulla interdum. Curabitur dictum. Phasellus in','2017-10-04 19:01:42',59),(160,'facilisis lorem','2018-05-23 06:11:31',60),(161,'orci. Ut sagittis lobortis mauris. Suspendisse aliquet','2017-04-23 14:37:03',61),(162,'nulla vulputate dui,','2018-05-29 10:10:28',62),(163,'imperdiet, erat nonummy ultricies','2017-05-06 07:31:48',63),(164,'felis purus ac tellus. Suspendisse','2018-08-19 20:27:45',64),(165,'faucibus ut, nulla. Cras eu tellus','2018-04-29 05:42:10',65),(166,'metus. In nec orci. Donec nibh. Quisque nonummy ipsum non','2017-05-16 03:01:20',66),(167,'ornare sagittis felis. Donec tempor, est ac mattis','2018-05-22 04:00:53',67),(168,'diam.','2018-04-28 14:49:57',68),(169,'diam. Proin dolor.','2017-12-06 02:25:44',69),(170,'iaculis odio. Nam interdum enim','2017-05-28 12:48:16',70),(171,'pellentesque eget,','2018-05-31 10:54:36',71),(172,'ac facilisis facilisis,','2016-12-17 12:03:10',72),(173,'lacinia mattis. Integer eu lacus. Quisque imperdiet, erat','2018-04-03 18:04:21',73),(174,'urna. Ut tincidunt vehicula risus. Nulla eget metus eu','2017-08-06 13:29:09',74),(175,'interdum libero dui','2017-11-21 01:17:03',75),(176,'vel sapien imperdiet ornare. In faucibus.','2017-05-28 18:49:54',76),(177,'semper et,','2017-04-15 04:55:04',77),(178,'Praesent interdum ligula','2017-12-02 14:58:37',78),(179,'at, egestas a, scelerisque sed, sapien. Nunc pulvinar arcu','2016-11-18 15:20:34',79),(180,'quam. Pellentesque habitant','2017-09-13 16:59:01',80),(181,'amet, consectetuer adipiscing elit.','2018-08-15 18:37:11',81),(182,'enim commodo hendrerit. Donec porttitor tellus non','2018-04-23 13:43:00',82),(183,'Nunc sed orci lobortis augue scelerisque','2017-07-11 20:52:07',83),(184,'tristique','2018-07-26 03:11:36',84),(185,'urna. Ut tincidunt vehicula risus. Nulla eget metus eu erat','2018-04-24 07:30:41',85),(186,'ac tellus. Suspendisse sed dolor. Fusce mi','2017-05-05 05:21:36',86),(187,'elit. Curabitur sed tortor.','2018-01-30 07:35:30',87),(188,'Nunc pulvinar arcu','2018-01-09 22:10:09',88),(189,'nascetur ridiculus mus. Donec dignissim magna a tortor.','2018-03-09 00:42:47',89),(190,'non ante bibendum ullamcorper. Duis','2017-03-01 13:15:58',90),(191,'Etiam vestibulum massa rutrum magna. Cras convallis','2017-12-23 21:48:42',91),(192,'Integer vitae nibh. Donec est mauris, rhoncus id, mollis','2016-12-30 09:32:55',92),(193,'dui.','2017-01-06 23:53:05',93),(194,'sociis natoque penatibus et magnis dis parturient montes, nascetur ridiculus','2017-07-20 06:55:10',94),(195,'diam.','2017-10-25 20:59:24',95),(196,'In condimentum. Donec at arcu. Vestibulum','2017-03-26 06:56:49',96),(197,'ipsum cursus vestibulum. Mauris','2017-03-14 22:20:59',97),(198,'posuere, enim nisl elementum purus, accumsan interdum libero','2018-01-19 04:24:56',98),(199,'Pellentesque habitant morbi tristique senectus et netus','2018-07-28 09:35:15',99),(200,'ante blandit viverra. Donec tempus, lorem fringilla ornare','2018-02-28 17:09:10',100),(201,'ante. Vivamus','2017-06-24 02:01:51',1),(202,'vehicula risus. Nulla eget metus eu erat','2017-03-24 20:22:24',2),(203,'ligula. Aenean euismod mauris eu elit. Nulla','2017-10-25 22:33:44',3),(204,'Nullam nisl. Maecenas malesuada fringilla est. Mauris eu turpis. Nulla','2018-09-03 16:34:39',4),(205,'facilisi. Sed neque. Sed eget lacus. Mauris non dui','2018-07-29 10:30:23',5),(206,'leo, in','2017-12-09 23:01:03',6),(207,'ipsum leo elementum sem,','2016-12-28 10:47:18',7),(208,'Sed id risus quis','2018-05-20 16:55:40',8),(209,'dui,','2018-06-26 15:22:22',9),(210,'diam luctus lobortis. Class aptent taciti sociosqu ad','2017-07-23 20:40:56',10),(211,'at, velit. Cras lorem lorem,','2017-03-30 03:14:33',11),(212,'rhoncus. Proin nisl sem, consequat nec,','2018-03-03 15:50:24',12),(213,'egestas lacinia. Sed congue, elit sed consequat auctor, nunc','2017-10-24 08:28:59',13),(214,'montes, nascetur ridiculus mus. Proin vel arcu','2018-03-30 15:56:55',14),(215,'sed, est.','2018-05-27 15:40:45',15),(216,'nisi magna sed dui.','2016-12-23 05:20:53',16),(217,'est arcu ac orci. Ut semper','2018-02-14 18:18:56',17),(218,'rutrum. Fusce dolor quam, elementum at,','2018-01-03 15:43:51',18),(219,'torquent','2017-02-19 12:26:51',19),(220,'ornare. In faucibus.','2016-12-02 04:42:33',20),(221,'nisl. Nulla eu neque pellentesque massa','2018-07-02 03:01:09',21),(222,'nulla. Cras eu tellus eu augue porttitor interdum. Sed auctor','2017-01-03 21:33:41',22),(223,'dolor sit amet, consectetuer adipiscing elit. Curabitur','2018-10-22 23:50:44',23),(224,'euismod in, dolor. Fusce feugiat.','2017-04-09 09:16:24',24),(225,'nec tempus scelerisque, lorem ipsum sodales','2018-07-22 16:34:11',25),(226,'nec','2017-06-03 20:10:57',26),(227,'lacus. Nulla tincidunt, neque vitae semper egestas, urna','2017-09-29 01:15:50',27),(228,'pede, malesuada','2018-04-12 16:48:50',28),(229,'ac risus. Morbi metus. Vivamus euismod urna.','2018-03-12 02:53:23',29),(230,'tellus sem mollis dui, in sodales elit erat','2017-02-16 23:41:19',30),(231,'arcu. Curabitur ut','2017-04-12 20:59:38',31),(232,'mollis non,','2018-03-25 23:30:39',32),(233,'enim mi tempor lorem, eget mollis lectus pede','2017-05-15 08:46:37',33),(234,'interdum. Sed auctor odio a purus. Duis elementum,','2018-01-12 18:05:49',34),(235,'Aenean euismod mauris eu elit. Nulla facilisi.','2016-11-18 16:24:44',35),(236,'mauris elit, dictum eu, eleifend nec, malesuada ut,','2017-07-15 13:56:36',36),(237,'Sed eu','2017-11-10 22:11:41',37),(238,'quis, pede. Suspendisse dui. Fusce diam nunc,','2018-07-30 00:19:13',38),(239,'Donec felis orci,','2018-04-21 21:12:00',39),(240,'auctor vitae, aliquet nec, imperdiet','2017-11-01 09:57:54',40),(241,'diam at pretium aliquet, metus urna','2018-05-28 23:21:04',41),(242,'magna.','2018-05-23 14:29:38',42),(243,'tristique ac,','2017-04-10 03:48:28',43),(244,'bibendum sed, est. Nunc laoreet lectus','2018-03-11 10:16:39',44),(245,'posuere at, velit. Cras lorem lorem, luctus ut,','2017-07-07 06:32:22',45),(246,'nunc, ullamcorper eu, euismod ac, fermentum','2017-06-08 14:19:58',46),(247,'eu elit. Nulla facilisi.','2018-09-17 17:31:47',47),(248,'Donec est. Nunc ullamcorper, velit in aliquet lobortis, nisi nibh','2017-04-06 05:12:28',48),(249,'quam','2017-10-31 02:49:10',49),(250,'commodo at, libero. Morbi accumsan laoreet ipsum. Curabitur','2017-01-17 05:58:30',50),(251,'justo. Praesent luctus. Curabitur egestas nunc sed','2018-05-14 00:03:06',51),(252,'ac mattis ornare, lectus ante dictum mi, ac mattis velit','2018-01-28 11:16:51',52),(253,'urna suscipit nonummy. Fusce fermentum fermentum arcu. Vestibulum','2016-12-21 01:45:53',53),(254,'odio sagittis semper. Nam tempor diam','2018-07-28 17:46:35',54),(255,'Quisque libero lacus,','2017-10-26 23:12:05',55),(256,'semper','2018-03-19 04:07:08',56),(257,'lectus','2017-11-24 10:21:34',57),(258,'enim. Curabitur','2017-07-12 05:08:06',58),(259,'orci. Ut','2017-02-05 04:26:53',59),(260,'egestas. Aliquam fringilla cursus purus. Nullam scelerisque neque sed sem','2017-09-25 22:49:17',60),(261,'habitant morbi tristique senectus','2018-05-24 20:51:50',61),(262,'Fusce fermentum fermentum arcu.','2017-03-03 14:19:01',62),(263,'leo. Vivamus nibh dolor, nonummy','2018-10-29 23:26:22',63),(264,'Nunc mauris sapien, cursus','2018-06-07 10:39:58',64),(265,'id, mollis nec, cursus a, enim. Suspendisse','2016-11-25 03:37:18',65),(266,'feugiat. Sed nec metus facilisis lorem tristique aliquet. Phasellus','2018-09-12 09:21:15',66),(267,'consequat','2018-03-18 04:06:32',67),(268,'Etiam','2017-12-22 04:10:05',68),(269,'imperdiet non, vestibulum nec, euismod in,','2017-10-22 08:15:58',69),(270,'risus a ultricies','2016-12-26 21:00:26',70),(271,'cursus, diam at pretium aliquet, metus urna convallis','2017-04-25 10:56:46',71),(272,'Phasellus ornare. Fusce mollis. Duis sit amet','2018-05-28 20:25:23',72),(273,'metus. Aenean sed pede nec ante blandit viverra. Donec','2018-07-26 21:02:35',73),(274,'vulputate, nisi sem semper erat, in','2016-11-27 02:10:39',74),(275,'nec tempus scelerisque,','2018-04-17 02:22:25',75),(276,'Proin vel arcu eu odio','2017-06-05 19:37:36',76),(277,'tempus mauris erat eget ipsum.','2018-02-21 02:34:19',77),(278,'Nullam scelerisque neque sed sem egestas blandit. Nam','2016-12-07 06:54:35',78),(279,'rutrum magna. Cras convallis convallis','2018-06-06 07:43:46',79),(280,'est tempor','2017-07-21 05:27:44',80),(281,'lectus quis massa. Mauris vestibulum, neque sed dictum eleifend, nunc','2018-01-16 02:35:00',81),(282,'Integer sem elit, pharetra ut, pharetra sed,','2017-12-22 16:51:39',82),(283,'lacinia. Sed congue, elit sed consequat auctor,','2018-10-24 06:38:46',83),(284,'facilisis. Suspendisse commodo tincidunt nibh. Phasellus nulla. Integer vulputate, risus','2018-09-19 00:57:28',84),(285,'euismod et, commodo at, libero. Morbi','2018-07-06 09:07:57',85),(286,'a neque. Nullam ut','2017-05-29 15:24:59',86),(287,'eget metus. In nec orci. Donec nibh. Quisque','2018-07-04 07:00:26',87),(288,'egestas. Fusce','2016-11-14 16:00:26',88),(289,'luctus et ultrices','2018-05-15 07:59:04',89),(290,'massa. Integer vitae','2018-06-27 18:17:47',90),(291,'vestibulum massa rutrum magna. Cras convallis convallis dolor. Quisque','2018-03-30 13:59:22',91),(292,'enim, gravida sit amet, dapibus id, blandit at, nisi. Cum','2018-02-07 03:39:10',92),(293,'habitant morbi tristique senectus et','2017-04-15 07:23:18',93),(294,'aliquet,','2017-12-09 14:21:41',94),(295,'amet luctus vulputate, nisi sem semper erat,','2016-12-18 03:34:30',95),(296,'nisi sem semper','2017-12-23 03:12:00',96),(297,'sem magna nec quam. Curabitur vel lectus.','2017-10-08 14:44:54',97),(298,'Morbi vehicula. Pellentesque tincidunt tempus','2018-09-02 16:43:21',98),(299,'blandit.','2017-01-29 15:41:30',99),(300,'purus mauris a nunc. In at pede. Cras vulputate','2018-02-23 09:28:44',100),(301,'Donec nibh. Quisque nonummy ipsum non arcu. Vivamus sit amet','2018-01-20 12:29:20',2),(302,'quis lectus. Nullam suscipit, est ac facilisis facilisis, magna tellus','2018-05-19 14:06:24',3),(303,'adipiscing elit. Aliquam auctor, velit eget laoreet posuere, enim nisl','2018-08-25 09:36:34',4),(304,'vitae dolor. Donec fringilla. Donec feugiat metus sit amet ante.','2018-08-01 22:13:49',5),(305,'eget nisi dictum augue malesuada malesuada. Integer id magna et','2017-06-11 02:12:15',6),(306,'hendrerit. Donec porttitor tellus non magna. Nam ligula elit, pretium','2017-09-14 04:41:41',7),(307,'Donec nibh. Quisque nonummy ipsum non arcu. Vivamus sit amet','2017-03-06 08:53:15',8),(308,'mi, ac mattis velit justo nec ante. Maecenas mi felis,','2018-06-26 03:40:58',9),(309,'massa. Suspendisse eleifend. Cras sed leo. Cras vehicula aliquet libero.','2018-03-26 03:14:08',10),(310,'non arcu. Vivamus sit amet risus. Donec egestas. Aliquam nec','2017-08-04 00:59:16',11),(311,'pretium neque. Morbi quis urna. Nunc quis arcu vel quam','2017-11-23 14:18:33',12),(312,'ultricies dignissim lacus. Aliquam rutrum lorem ac risus. Morbi metus.','2017-03-21 16:54:54',13),(313,'Vestibulum ut eros non enim commodo hendrerit. Donec porttitor tellus','2017-09-05 11:56:40',14),(314,'congue turpis. In condimentum. Donec at arcu. Vestibulum ante ipsum','2017-01-15 00:44:54',15),(315,'a neque. Nullam ut nisi a odio semper cursus. Integer','2016-11-03 22:21:36',16),(316,'montes, nascetur ridiculus mus. Proin vel nisl. Quisque fringilla euismod','2017-04-01 10:42:49',17),(317,'amet ultricies sem magna nec quam. Curabitur vel lectus. Cum','2018-07-10 05:41:41',18),(318,'purus gravida sagittis. Duis gravida. Praesent eu nulla at sem','2018-07-25 12:27:29',19),(319,'eget odio. Aliquam vulputate ullamcorper magna. Sed eu eros. Nam','2018-06-01 03:40:18',20),(320,'felis eget varius ultrices, mauris ipsum porta elit, a feugiat','2017-05-09 16:04:26',21),(321,'nulla. Donec non justo. Proin non massa non ante bibendum','2018-10-07 19:14:45',22),(322,'dui. Fusce diam nunc, ullamcorper eu, euismod ac, fermentum vel,','2017-06-18 09:32:57',23),(323,'in consequat enim diam vel arcu. Curabitur ut odio vel','2017-04-28 01:06:56',24),(324,'consectetuer rhoncus. Nullam velit dui, semper et, lacinia vitae, sodales','2017-06-16 22:34:35',25),(325,'Phasellus libero mauris, aliquam eu, accumsan sed, facilisis vitae, orci.','2017-07-24 20:44:25',26),(326,'ligula consectetuer rhoncus. Nullam velit dui, semper et, lacinia vitae,','2018-02-02 00:21:51',27),(327,'libero est, congue a, aliquet vel, vulputate eu, odio. Phasellus','2018-09-30 06:47:27',28),(328,'convallis dolor. Quisque tincidunt pede ac urna. Ut tincidunt vehicula','2018-01-17 03:31:32',29),(329,'mi, ac mattis velit justo nec ante. Maecenas mi felis,','2016-12-07 05:04:11',30),(330,'Donec fringilla. Donec feugiat metus sit amet ante. Vivamus non','2017-06-22 05:29:50',31),(331,'ullamcorper. Duis cursus, diam at pretium aliquet, metus urna convallis','2017-10-21 02:56:11',32),(332,'eleifend egestas. Sed pharetra, felis eget varius ultrices, mauris ipsum','2017-09-08 10:24:35',33),(333,'a, scelerisque sed, sapien. Nunc pulvinar arcu et pede. Nunc','2016-11-20 21:56:51',34),(334,'augue id ante dictum cursus. Nunc mauris elit, dictum eu,','2018-05-28 15:54:26',35),(335,'fringilla euismod enim. Etiam gravida molestie arcu. Sed eu nibh','2018-01-29 12:30:15',36),(336,'Pellentesque habitant morbi tristique senectus et netus et malesuada fames','2018-04-20 22:20:42',37),(337,'Mauris molestie pharetra nibh. Aliquam ornare, libero at auctor ullamcorper,','2017-01-04 16:05:16',38),(338,'fermentum arcu. Vestibulum ante ipsum primis in faucibus orci luctus','2018-10-29 09:01:50',39),(339,'nec, imperdiet nec, leo. Morbi neque tellus, imperdiet non, vestibulum','2017-12-25 21:52:34',40),(340,'Donec non justo. Proin non massa non ante bibendum ullamcorper.','2017-09-22 03:46:57',41),(341,'nec ligula consectetuer rhoncus. Nullam velit dui, semper et, lacinia','2018-03-16 10:27:56',42),(342,'fermentum fermentum arcu. Vestibulum ante ipsum primis in faucibus orci','2017-08-01 05:36:13',43),(343,'mi eleifend egestas. Sed pharetra, felis eget varius ultrices, mauris','2016-11-17 00:43:21',44),(344,'tempus non, lacinia at, iaculis quis, pede. Praesent eu dui.','2018-04-07 18:45:27',45),(345,'risus. Nunc ac sem ut dolor dapibus gravida. Aliquam tincidunt,','2018-03-30 10:51:53',46),(346,'id, ante. Nunc mauris sapien, cursus in, hendrerit consectetuer, cursus','2016-11-22 00:13:45',47),(347,'aliquet, sem ut cursus luctus, ipsum leo elementum sem, vitae','2017-04-16 00:41:26',48),(348,'et, rutrum non, hendrerit id, ante. Nunc mauris sapien, cursus','2016-12-28 10:08:58',49),(349,'imperdiet ornare. In faucibus. Morbi vehicula. Pellentesque tincidunt tempus risus.','2018-05-19 06:35:25',50),(350,'lobortis ultrices. Vivamus rhoncus. Donec est. Nunc ullamcorper, velit in','2018-09-05 01:57:42',51),(351,'nec quam. Curabitur vel lectus. Cum sociis natoque penatibus et','2017-01-31 05:34:30',52),(352,'Nullam feugiat placerat velit. Quisque varius. Nam porttitor scelerisque neque.','2017-04-13 03:42:34',53),(353,'nisi nibh lacinia orci, consectetuer euismod est arcu ac orci.','2016-11-29 05:50:03',54),(354,'nec tellus. Nunc lectus pede, ultrices a, auctor non, feugiat','2016-12-22 05:21:35',55),(355,'nec tempus mauris erat eget ipsum. Suspendisse sagittis. Nullam vitae','2018-07-03 16:55:33',56),(356,'pede nec ante blandit viverra. Donec tempus, lorem fringilla ornare','2018-04-30 06:56:00',57),(357,'eleifend. Cras sed leo. Cras vehicula aliquet libero. Integer in','2018-04-22 14:21:27',58),(358,'enim, sit amet ornare lectus justo eu arcu. Morbi sit','2018-01-11 11:11:16',59),(359,'urna convallis erat, eget tincidunt dui augue eu tellus. Phasellus','2017-03-19 21:35:45',60),(360,'Sed auctor odio a purus. Duis elementum, dui quis accumsan','2018-08-16 04:55:16',61),(361,'sociis natoque penatibus et magnis dis parturient montes, nascetur ridiculus','2017-03-02 22:43:34',62),(362,'tincidunt congue turpis. In condimentum. Donec at arcu. Vestibulum ante','2017-10-22 14:20:08',63),(363,'Integer in magna. Phasellus dolor elit, pellentesque a, facilisis non,','2017-03-30 18:00:23',64),(364,'nisi sem semper erat, in consectetuer ipsum nunc id enim.','2017-01-29 06:08:28',65),(365,'sem elit, pharetra ut, pharetra sed, hendrerit a, arcu. Sed','2017-11-13 03:07:21',66),(366,'Nunc mauris elit, dictum eu, eleifend nec, malesuada ut, sem.','2017-11-10 09:14:31',67),(367,'aptent taciti sociosqu ad litora torquent per conubia nostra, per','2017-12-31 14:01:58',68),(368,'semper. Nam tempor diam dictum sapien. Aenean massa. Integer vitae','2017-05-27 03:26:12',69),(369,'eu, placerat eget, venenatis a, magna. Lorem ipsum dolor sit','2018-09-07 20:49:26',70),(370,'ornare, libero at auctor ullamcorper, nisl arcu iaculis enim, sit','2018-07-24 08:16:02',71),(371,'et magnis dis parturient montes, nascetur ridiculus mus. Proin vel','2017-02-03 07:44:48',72),(372,'Sed et libero. Proin mi. Aliquam gravida mauris ut mi.','2017-07-17 00:36:54',73),(373,'risus. Nunc ac sem ut dolor dapibus gravida. Aliquam tincidunt,','2017-02-06 03:42:14',74),(374,'Aenean massa. Integer vitae nibh. Donec est mauris, rhoncus id,','2018-01-16 14:24:22',75),(375,'malesuada id, erat. Etiam vestibulum massa rutrum magna. Cras convallis','2018-04-14 21:58:46',76),(376,'et ultrices posuere cubilia Curae; Donec tincidunt. Donec vitae erat','2017-04-13 20:48:53',77),(377,'ante ipsum primis in faucibus orci luctus et ultrices posuere','2017-10-19 12:17:31',78),(378,'lacinia. Sed congue, elit sed consequat auctor, nunc nulla vulputate','2017-02-10 10:07:49',79),(379,'interdum enim non nisi. Aenean eget metus. In nec orci.','2017-03-27 08:10:30',80),(380,'euismod urna. Nullam lobortis quam a felis ullamcorper viverra. Maecenas','2017-01-07 13:25:09',81),(381,'interdum enim non nisi. Aenean eget metus. In nec orci.','2018-06-01 18:24:38',82),(382,'nec, imperdiet nec, leo. Morbi neque tellus, imperdiet non, vestibulum','2017-07-30 20:00:14',83),(383,'penatibus et magnis dis parturient montes, nascetur ridiculus mus. Proin','2018-07-11 21:05:56',84),(384,'lorem, eget mollis lectus pede et risus. Quisque libero lacus,','2017-11-01 03:19:08',85),(385,'urna justo faucibus lectus, a sollicitudin orci sem eget massa.','2016-11-28 10:49:05',86),(386,'Nulla eu neque pellentesque massa lobortis ultrices. Vivamus rhoncus. Donec','2018-08-15 10:10:11',87),(387,'luctus ut, pellentesque eget, dictum placerat, augue. Sed molestie. Sed','2017-07-05 05:58:07',88),(388,'suscipit nonummy. Fusce fermentum fermentum arcu. Vestibulum ante ipsum primis','2016-12-22 21:37:48',89),(389,'interdum. Nunc sollicitudin commodo ipsum. Suspendisse non leo. Vivamus nibh','2018-05-05 21:14:56',90),(390,'placerat velit. Quisque varius. Nam porttitor scelerisque neque. Nullam nisl.','2017-08-07 12:16:28',91),(391,'malesuada id, erat. Etiam vestibulum massa rutrum magna. Cras convallis','2018-10-07 14:42:28',92),(392,'nulla. Donec non justo. Proin non massa non ante bibendum','2017-02-13 14:15:31',93),(393,'nulla magna, malesuada vel, convallis in, cursus et, eros. Proin','2017-11-23 17:34:47',94),(394,'vulputate mauris sagittis placerat. Cras dictum ultricies ligula. Nullam enim.','2018-09-27 14:35:43',95),(395,'adipiscing lobortis risus. In mi pede, nonummy ut, molestie in,','2017-03-26 20:55:13',96),(396,'morbi tristique senectus et netus et malesuada fames ac turpis','2017-01-01 16:19:11',97),(397,'feugiat placerat velit. Quisque varius. Nam porttitor scelerisque neque. Nullam','2017-04-10 19:02:02',98),(398,'magna a neque. Nullam ut nisi a odio semper cursus.','2018-03-15 16:23:34',99),(399,'dolor, nonummy ac, feugiat non, lobortis quis, pede. Suspendisse dui.','2018-06-30 23:44:37',100),(400,'massa. Integer vitae nibh. Donec est mauris, rhoncus id, mollis','2018-09-10 21:37:18',1),(401,'Etiam bibendum fermentum metus. Aenean sed pede nec ante blandit','2017-01-20 13:25:13',2),(402,'eros. Nam consequat dolor vitae dolor. Donec fringilla. Donec feugiat','2017-12-19 14:42:25',3),(403,'Nullam ut nisi a odio semper cursus. Integer mollis. Integer','2017-09-19 10:32:45',4),(404,'ut odio vel est tempor bibendum. Donec felis orci, adipiscing','2018-08-04 04:18:14',5),(405,'aliquam eu, accumsan sed, facilisis vitae, orci. Phasellus dapibus quam','2018-07-17 02:44:03',6),(406,'montes, nascetur ridiculus mus. Proin vel nisl. Quisque fringilla euismod','2018-04-15 15:00:15',7),(407,'orci. Ut semper pretium neque. Morbi quis urna. Nunc quis','2016-12-20 21:14:27',8),(408,'non arcu. Vivamus sit amet risus. Donec egestas. Aliquam nec','2017-05-10 19:57:20',9),(409,'elit. Nulla facilisi. Sed neque. Sed eget lacus. Mauris non','2017-10-15 19:09:15',10),(410,'congue turpis. In condimentum. Donec at arcu. Vestibulum ante ipsum','2017-05-06 21:22:23',11),(411,'Vestibulum accumsan neque et nunc. Quisque ornare tortor at risus.','2016-11-08 17:33:03',12),(412,'elementum sem, vitae aliquam eros turpis non enim. Mauris quis','2018-05-22 02:41:25',13),(413,'Maecenas iaculis aliquet diam. Sed diam lorem, auctor quis, tristique','2017-04-23 09:44:39',14),(414,'Nunc laoreet lectus quis massa. Mauris vestibulum, neque sed dictum','2018-08-10 09:58:06',15),(415,'Vivamus nibh dolor, nonummy ac, feugiat non, lobortis quis, pede.','2018-01-18 17:13:20',16),(416,'amet, consectetuer adipiscing elit. Curabitur sed tortor. Integer aliquam adipiscing','2017-05-21 04:31:50',17),(417,'pharetra sed, hendrerit a, arcu. Sed et libero. Proin mi.','2017-01-09 04:36:41',18),(418,'dictum eleifend, nunc risus varius orci, in consequat enim diam','2016-11-28 02:34:27',19),(419,'Proin non massa non ante bibendum ullamcorper. Duis cursus, diam','2017-01-12 07:49:09',20),(420,'elementum, lorem ut aliquam iaculis, lacus pede sagittis augue, eu','2018-08-08 05:52:11',21),(421,'ornare, elit elit fermentum risus, at fringilla purus mauris a','2017-03-06 16:18:05',22),(422,'molestie. Sed id risus quis diam luctus lobortis. Class aptent','2018-03-27 07:46:15',23),(423,'vel est tempor bibendum. Donec felis orci, adipiscing non, luctus','2017-02-24 04:44:36',24),(424,'sem mollis dui, in sodales elit erat vitae risus. Duis','2017-12-22 22:56:02',25),(425,'lorem ut aliquam iaculis, lacus pede sagittis augue, eu tempor','2018-02-19 14:20:08',26),(426,'Morbi quis urna. Nunc quis arcu vel quam dignissim pharetra.','2018-09-05 19:34:16',27),(427,'Quisque tincidunt pede ac urna. Ut tincidunt vehicula risus. Nulla','2017-04-25 16:31:51',28),(428,'scelerisque neque sed sem egestas blandit. Nam nulla magna, malesuada','2017-07-17 04:02:03',29),(429,'lectus pede et risus. Quisque libero lacus, varius et, euismod','2018-10-12 08:19:47',30),(430,'Suspendisse tristique neque venenatis lacus. Etiam bibendum fermentum metus. Aenean','2018-04-06 18:45:27',31),(431,'Proin velit. Sed malesuada augue ut lacus. Nulla tincidunt, neque','2017-03-30 04:20:40',32),(432,'tortor. Integer aliquam adipiscing lacus. Ut nec urna et arcu','2017-12-14 21:05:01',33),(433,'dictum sapien. Aenean massa. Integer vitae nibh. Donec est mauris,','2018-10-20 10:34:28',34),(434,'lacinia orci, consectetuer euismod est arcu ac orci. Ut semper','2017-04-23 14:21:12',35),(435,'consectetuer ipsum nunc id enim. Curabitur massa. Vestibulum accumsan neque','2017-08-15 21:59:30',36),(436,'augue eu tellus. Phasellus elit pede, malesuada vel, venenatis vel,','2018-05-27 08:52:15',37),(437,'mauris a nunc. In at pede. Cras vulputate velit eu','2016-11-17 06:26:33',38),(438,'euismod urna. Nullam lobortis quam a felis ullamcorper viverra. Maecenas','2018-07-01 11:58:31',39),(439,'montes, nascetur ridiculus mus. Aenean eget magna. Suspendisse tristique neque','2018-09-19 21:44:19',40),(440,'lobortis risus. In mi pede, nonummy ut, molestie in, tempus','2017-02-26 02:20:49',41),(441,'Duis sit amet diam eu dolor egestas rhoncus. Proin nisl','2018-09-04 14:08:58',42),(442,'tincidunt, neque vitae semper egestas, urna justo faucibus lectus, a','2017-02-10 01:36:05',43),(443,'eu metus. In lorem. Donec elementum, lorem ut aliquam iaculis,','2018-02-23 07:19:34',44),(444,'amet ornare lectus justo eu arcu. Morbi sit amet massa.','2018-10-24 22:58:46',45),(445,'Phasellus dapibus quam quis diam. Pellentesque habitant morbi tristique senectus','2017-02-06 02:02:08',46),(446,'Nam ac nulla. In tincidunt congue turpis. In condimentum. Donec','2018-05-04 06:43:02',47),(447,'sed consequat auctor, nunc nulla vulputate dui, nec tempus mauris','2018-06-11 06:49:33',48),(448,'ligula consectetuer rhoncus. Nullam velit dui, semper et, lacinia vitae,','2017-10-14 04:13:48',49),(449,'porttitor interdum. Sed auctor odio a purus. Duis elementum, dui','2018-03-15 18:46:44',50),(450,'sociis natoque penatibus et magnis dis parturient montes, nascetur ridiculus','2017-06-15 06:58:49',51),(451,'nibh. Quisque nonummy ipsum non arcu. Vivamus sit amet risus.','2018-10-27 16:14:01',52),(452,'ipsum. Curabitur consequat, lectus sit amet luctus vulputate, nisi sem','2018-05-19 06:22:37',53),(453,'Integer vitae nibh. Donec est mauris, rhoncus id, mollis nec,','2017-11-28 11:09:50',54),(454,'sem ut dolor dapibus gravida. Aliquam tincidunt, nunc ac mattis','2017-11-28 16:29:31',55),(455,'Integer vulputate, risus a ultricies adipiscing, enim mi tempor lorem,','2018-10-09 23:14:20',56),(456,'metus urna convallis erat, eget tincidunt dui augue eu tellus.','2016-12-08 10:13:21',57),(457,'purus sapien, gravida non, sollicitudin a, malesuada id, erat. Etiam','2016-12-15 09:00:38',58),(458,'facilisis lorem tristique aliquet. Phasellus fermentum convallis ligula. Donec luctus','2017-07-09 20:46:17',59),(459,'Mauris eu turpis. Nulla aliquet. Proin velit. Sed malesuada augue','2017-08-15 22:54:48',60),(460,'lacus. Quisque imperdiet, erat nonummy ultricies ornare, elit elit fermentum','2018-08-06 20:53:59',61),(461,'pellentesque eget, dictum placerat, augue. Sed molestie. Sed id risus','2016-12-25 04:45:01',62),(462,'sollicitudin adipiscing ligula. Aenean gravida nunc sed pede. Cum sociis','2017-02-07 07:41:45',63),(463,'sed pede nec ante blandit viverra. Donec tempus, lorem fringilla','2018-01-27 12:29:14',64),(464,'neque sed dictum eleifend, nunc risus varius orci, in consequat','2018-09-18 04:25:18',65),(465,'a, scelerisque sed, sapien. Nunc pulvinar arcu et pede. Nunc','2018-09-07 13:55:14',66),(466,'Phasellus at augue id ante dictum cursus. Nunc mauris elit,','2017-10-05 14:20:27',67),(467,'massa non ante bibendum ullamcorper. Duis cursus, diam at pretium','2017-12-06 11:10:18',68),(468,'In faucibus. Morbi vehicula. Pellentesque tincidunt tempus risus. Donec egestas.','2017-06-02 18:03:56',69),(469,'eros. Proin ultrices. Duis volutpat nunc sit amet metus. Aliquam','2017-04-24 01:33:04',70),(470,'ullamcorper. Duis cursus, diam at pretium aliquet, metus urna convallis','2018-01-23 13:01:56',71),(471,'at arcu. Vestibulum ante ipsum primis in faucibus orci luctus','2017-07-24 00:36:53',72),(472,'diam eu dolor egestas rhoncus. Proin nisl sem, consequat nec,','2017-05-03 19:38:21',73),(473,'a, magna. Lorem ipsum dolor sit amet, consectetuer adipiscing elit.','2018-10-28 15:17:17',74),(474,'nunc sed libero. Proin sed turpis nec mauris blandit mattis.','2016-11-11 21:44:36',75),(475,'mollis nec, cursus a, enim. Suspendisse aliquet, sem ut cursus','2018-04-01 18:56:16',76),(476,'a, auctor non, feugiat nec, diam. Duis mi enim, condimentum','2017-03-19 09:03:37',77),(477,'luctus ut, pellentesque eget, dictum placerat, augue. Sed molestie. Sed','2018-08-04 02:45:14',78),(478,'elementum at, egestas a, scelerisque sed, sapien. Nunc pulvinar arcu','2017-10-21 19:59:00',79),(479,'ullamcorper, nisl arcu iaculis enim, sit amet ornare lectus justo','2016-11-29 06:19:03',80),(480,'condimentum. Donec at arcu. Vestibulum ante ipsum primis in faucibus','2017-09-02 18:43:59',81),(481,'Maecenas libero est, congue a, aliquet vel, vulputate eu, odio.','2018-10-05 02:33:07',82),(482,'conubia nostra, per inceptos hymenaeos. Mauris ut quam vel sapien','2017-02-04 19:40:25',83),(483,'morbi tristique senectus et netus et malesuada fames ac turpis','2017-10-29 10:03:42',84),(484,'ut, nulla. Cras eu tellus eu augue porttitor interdum. Sed','2016-11-22 21:52:29',85),(485,'ac ipsum. Phasellus vitae mauris sit amet lorem semper auctor.','2017-11-16 02:05:43',86),(486,'vitae erat vel pede blandit congue. In scelerisque scelerisque dui.','2016-11-28 10:04:48',87),(487,'mollis. Duis sit amet diam eu dolor egestas rhoncus. Proin','2018-07-13 22:56:12',88),(488,'lacus. Mauris non dui nec urna suscipit nonummy. Fusce fermentum','2018-02-15 07:11:54',89),(489,'lacus vestibulum lorem, sit amet ultricies sem magna nec quam.','2017-03-07 18:56:58',90),(490,'sagittis. Duis gravida. Praesent eu nulla at sem molestie sodales.','2016-10-30 12:17:22',91),(491,'vitae mauris sit amet lorem semper auctor. Mauris vel turpis.','2018-09-13 21:12:42',92),(492,'aliquet, sem ut cursus luctus, ipsum leo elementum sem, vitae','2018-10-13 22:20:57',93),(493,'neque. Sed eget lacus. Mauris non dui nec urna suscipit','2017-12-26 21:22:58',94),(494,'Duis dignissim tempor arcu. Vestibulum ut eros non enim commodo','2017-09-14 03:52:17',95),(495,'dolor. Fusce feugiat. Lorem ipsum dolor sit amet, consectetuer adipiscing','2017-09-19 05:22:39',96),(496,'scelerisque scelerisque dui. Suspendisse ac metus vitae velit egestas lacinia.','2018-02-16 12:15:55',97),(497,'varius et, euismod et, commodo at, libero. Morbi accumsan laoreet','2016-12-24 23:59:51',98),(498,'tellus, imperdiet non, vestibulum nec, euismod in, dolor. Fusce feugiat.','2017-03-05 01:25:37',99),(499,'pulvinar arcu et pede. Nunc sed orci lobortis augue scelerisque','2017-10-10 19:21:46',100),(500,'mauris. Suspendisse aliquet molestie tellus. Aenean egestas hendrerit neque. In','2018-03-30 10:29:13',1),(501,'velit eget laoreet posuere, enim nisl elementum purus, accumsan interdum','2017-09-09 14:07:49',2),(502,'magnis dis parturient montes, nascetur ridiculus mus. Donec dignissim magna','2018-03-03 18:40:32',3),(503,'et netus et malesuada fames ac turpis egestas. Fusce aliquet','2017-11-02 06:01:21',4),(504,'Donec egestas. Duis ac arcu. Nunc mauris. Morbi non sapien','2018-04-25 12:07:59',5),(505,'tortor. Integer aliquam adipiscing lacus. Ut nec urna et arcu','2018-05-13 11:22:13',6),(506,'mauris sagittis placerat. Cras dictum ultricies ligula. Nullam enim. Sed','2017-07-06 10:11:07',7),(507,'risus. Quisque libero lacus, varius et, euismod et, commodo at,','2016-11-20 06:38:41',8),(508,'magna. Nam ligula elit, pretium et, rutrum non, hendrerit id,','2018-01-19 02:21:41',9),(509,'enim. Etiam gravida molestie arcu. Sed eu nibh vulputate mauris','2017-04-27 19:29:20',10),(510,'nulla at sem molestie sodales. Mauris blandit enim consequat purus.','2017-11-16 10:22:12',11),(511,'commodo auctor velit. Aliquam nisl. Nulla eu neque pellentesque massa','2016-12-25 12:46:48',12),(512,'neque. Nullam ut nisi a odio semper cursus. Integer mollis.','2017-07-14 02:00:52',13),(513,'taciti sociosqu ad litora torquent per conubia nostra, per inceptos','2017-04-26 15:56:14',14),(514,'Aliquam gravida mauris ut mi. Duis risus odio, auctor vitae,','2017-11-06 12:11:01',15),(515,'dapibus quam quis diam. Pellentesque habitant morbi tristique senectus et','2017-11-01 09:24:37',16),(516,'Etiam laoreet, libero et tristique pellentesque, tellus sem mollis dui,','2016-11-11 19:11:10',17),(517,'amet massa. Quisque porttitor eros nec tellus. Nunc lectus pede,','2017-02-02 20:06:53',18),(518,'Aliquam auctor, velit eget laoreet posuere, enim nisl elementum purus,','2018-03-10 01:24:54',19),(519,'elit erat vitae risus. Duis a mi fringilla mi lacinia','2018-10-26 12:29:41',20),(520,'convallis est, vitae sodales nisi magna sed dui. Fusce aliquam,','2017-09-23 06:21:45',21),(521,'ullamcorper, nisl arcu iaculis enim, sit amet ornare lectus justo','2018-04-23 13:55:16',22),(522,'et, rutrum non, hendrerit id, ante. Nunc mauris sapien, cursus','2017-01-08 10:28:52',23),(523,'ante. Maecenas mi felis, adipiscing fringilla, porttitor vulputate, posuere vulputate,','2018-08-26 16:48:04',24),(524,'mauris sagittis placerat. Cras dictum ultricies ligula. Nullam enim. Sed','2018-01-12 00:33:12',25),(525,'et magnis dis parturient montes, nascetur ridiculus mus. Proin vel','2016-12-13 01:02:55',26),(526,'malesuada. Integer id magna et ipsum cursus vestibulum. Mauris magna.','2016-12-11 02:30:17',27),(527,'vitae velit egestas lacinia. Sed congue, elit sed consequat auctor,','2017-06-22 22:24:59',28),(528,'tellus. Aenean egestas hendrerit neque. In ornare sagittis felis. Donec','2017-07-17 10:30:48',29),(529,'est mauris, rhoncus id, mollis nec, cursus a, enim. Suspendisse','2017-07-21 02:33:20',30),(530,'quam. Curabitur vel lectus. Cum sociis natoque penatibus et magnis','2017-04-05 23:38:51',31),(531,'at auctor ullamcorper, nisl arcu iaculis enim, sit amet ornare','2018-09-03 02:04:10',32),(532,'dictum magna. Ut tincidunt orci quis lectus. Nullam suscipit, est','2017-02-16 20:50:47',33),(533,'tempor arcu. Vestibulum ut eros non enim commodo hendrerit. Donec','2016-11-26 17:09:48',34),(534,'ultrices a, auctor non, feugiat nec, diam. Duis mi enim,','2018-01-17 06:59:47',35),(535,'velit. Cras lorem lorem, luctus ut, pellentesque eget, dictum placerat,','2018-06-21 17:28:06',36),(536,'ligula tortor, dictum eu, placerat eget, venenatis a, magna. Lorem','2017-10-06 10:11:22',37),(537,'aliquet vel, vulputate eu, odio. Phasellus at augue id ante','2017-11-25 10:04:29',38),(538,'dui. Cras pellentesque. Sed dictum. Proin eget odio. Aliquam vulputate','2016-12-27 00:00:00',39),(539,'urna suscipit nonummy. Fusce fermentum fermentum arcu. Vestibulum ante ipsum','2018-02-05 11:19:23',40),(540,'morbi tristique senectus et netus et malesuada fames ac turpis','2017-05-11 06:21:21',41),(541,'eros. Proin ultrices. Duis volutpat nunc sit amet metus. Aliquam','2018-05-13 20:36:39',42),(542,'ridiculus mus. Proin vel nisl. Quisque fringilla euismod enim. Etiam','2018-02-15 13:32:30',43),(543,'mi enim, condimentum eget, volutpat ornare, facilisis eget, ipsum. Donec','2017-11-19 22:55:28',44),(544,'in molestie tortor nibh sit amet orci. Ut sagittis lobortis','2017-02-15 02:49:13',45),(545,'adipiscing elit. Etiam laoreet, libero et tristique pellentesque, tellus sem','2018-03-22 11:32:20',46),(546,'mauris sagittis placerat. Cras dictum ultricies ligula. Nullam enim. Sed','2016-11-04 19:10:45',47),(547,'consectetuer adipiscing elit. Curabitur sed tortor. Integer aliquam adipiscing lacus.','2016-12-05 10:54:20',48),(548,'lectus, a sollicitudin orci sem eget massa. Suspendisse eleifend. Cras','2018-04-08 15:12:16',49),(549,'Cras vehicula aliquet libero. Integer in magna. Phasellus dolor elit,','2018-10-24 19:45:16',50),(550,'non, dapibus rutrum, justo. Praesent luctus. Curabitur egestas nunc sed','2018-08-24 11:59:18',51),(551,'porttitor vulputate, posuere vulputate, lacus. Cras interdum. Nunc sollicitudin commodo','2018-07-11 01:46:43',52),(552,'non lorem vitae odio sagittis semper. Nam tempor diam dictum','2017-10-07 12:05:37',53),(553,'libero lacus, varius et, euismod et, commodo at, libero. Morbi','2017-10-19 16:25:03',54),(554,'vitae semper egestas, urna justo faucibus lectus, a sollicitudin orci','2018-01-06 11:58:52',55),(555,'leo. Morbi neque tellus, imperdiet non, vestibulum nec, euismod in,','2017-07-20 05:35:02',56),(556,'egestas, urna justo faucibus lectus, a sollicitudin orci sem eget','2017-12-31 15:54:14',57),(557,'turpis egestas. Aliquam fringilla cursus purus. Nullam scelerisque neque sed','2018-01-05 05:26:50',58),(558,'nec mauris blandit mattis. Cras eget nisi dictum augue malesuada','2018-09-15 04:10:43',59),(559,'dictum mi, ac mattis velit justo nec ante. Maecenas mi','2018-04-11 03:40:09',60),(560,'Mauris eu turpis. Nulla aliquet. Proin velit. Sed malesuada augue','2018-01-08 23:49:12',61),(561,'vitae, aliquet nec, imperdiet nec, leo. Morbi neque tellus, imperdiet','2016-12-16 20:50:31',62),(562,'Sed neque. Sed eget lacus. Mauris non dui nec urna','2017-03-29 10:37:33',63),(563,'nonummy ultricies ornare, elit elit fermentum risus, at fringilla purus','2018-03-01 13:16:38',64),(564,'ullamcorper eu, euismod ac, fermentum vel, mauris. Integer sem elit,','2017-02-01 19:52:00',65),(565,'Donec tincidunt. Donec vitae erat vel pede blandit congue. In','2018-02-19 13:35:34',66),(566,'ut nisi a odio semper cursus. Integer mollis. Integer tincidunt','2017-09-17 01:11:29',67),(567,'felis purus ac tellus. Suspendisse sed dolor. Fusce mi lorem,','2017-01-06 19:41:28',68),(568,'et, commodo at, libero. Morbi accumsan laoreet ipsum. Curabitur consequat,','2017-05-24 23:34:32',69),(569,'ac sem ut dolor dapibus gravida. Aliquam tincidunt, nunc ac','2017-08-01 05:08:02',70),(570,'ante lectus convallis est, vitae sodales nisi magna sed dui.','2017-12-16 01:49:39',71),(571,'Nulla eu neque pellentesque massa lobortis ultrices. Vivamus rhoncus. Donec','2017-09-30 17:47:45',72),(572,'enim. Nunc ut erat. Sed nunc est, mollis non, cursus','2018-01-25 00:30:41',73),(573,'sit amet, consectetuer adipiscing elit. Etiam laoreet, libero et tristique','2018-04-10 04:20:58',74),(574,'Vivamus molestie dapibus ligula. Aliquam erat volutpat. Nulla dignissim. Maecenas','2017-05-27 14:15:43',75),(575,'auctor non, feugiat nec, diam. Duis mi enim, condimentum eget,','2017-10-03 18:11:58',76),(576,'imperdiet dictum magna. Ut tincidunt orci quis lectus. Nullam suscipit,','2017-10-21 00:42:52',77),(577,'odio. Etiam ligula tortor, dictum eu, placerat eget, venenatis a,','2017-10-19 19:30:06',78),(578,'purus. Maecenas libero est, congue a, aliquet vel, vulputate eu,','2017-05-27 15:38:17',79),(579,'eleifend, nunc risus varius orci, in consequat enim diam vel','2018-03-21 00:11:48',80),(580,'magna a neque. Nullam ut nisi a odio semper cursus.','2017-05-20 23:26:16',81),(581,'adipiscing, enim mi tempor lorem, eget mollis lectus pede et','2018-06-09 17:52:02',82),(582,'nisi. Mauris nulla. Integer urna. Vivamus molestie dapibus ligula. Aliquam','2017-11-28 11:01:27',83),(583,'Cras dictum ultricies ligula. Nullam enim. Sed nulla ante, iaculis','2018-05-19 22:21:34',84),(584,'netus et malesuada fames ac turpis egestas. Fusce aliquet magna','2017-06-16 19:29:32',85),(585,'Cras interdum. Nunc sollicitudin commodo ipsum. Suspendisse non leo. Vivamus','2018-09-05 09:59:19',86),(586,'id nunc interdum feugiat. Sed nec metus facilisis lorem tristique','2017-01-28 07:03:00',87),(587,'aliquet, sem ut cursus luctus, ipsum leo elementum sem, vitae','2017-06-07 00:50:22',88),(588,'ullamcorper eu, euismod ac, fermentum vel, mauris. Integer sem elit,','2017-12-07 18:25:42',89),(589,'sociis natoque penatibus et magnis dis parturient montes, nascetur ridiculus','2017-08-28 11:38:15',90),(590,'malesuada id, erat. Etiam vestibulum massa rutrum magna. Cras convallis','2017-03-26 19:17:00',91),(591,'tellus lorem eu metus. In lorem. Donec elementum, lorem ut','2017-05-12 05:34:19',92),(592,'Nunc sollicitudin commodo ipsum. Suspendisse non leo. Vivamus nibh dolor,','2017-05-20 23:52:58',93),(593,'magnis dis parturient montes, nascetur ridiculus mus. Donec dignissim magna','2017-10-23 03:52:27',94),(594,'volutpat nunc sit amet metus. Aliquam erat volutpat. Nulla facilisis.','2016-11-27 13:01:27',95),(595,'Mauris eu turpis. Nulla aliquet. Proin velit. Sed malesuada augue','2018-01-04 13:56:48',96),(596,'mi, ac mattis velit justo nec ante. Maecenas mi felis,','2017-10-08 18:34:35',97),(597,'adipiscing elit. Etiam laoreet, libero et tristique pellentesque, tellus sem','2017-10-24 14:06:47',98),(598,'Sed pharetra, felis eget varius ultrices, mauris ipsum porta elit,','2018-09-12 03:12:54',99),(599,'elit, pretium et, rutrum non, hendrerit id, ante. Nunc mauris','2017-01-03 00:01:52',100),(600,'vitae velit egestas lacinia. Sed congue, elit sed consequat auctor,','2018-02-16 09:56:12',1),(601,'risus. Nulla eget metus eu erat semper rutrum. Fusce dolor','2017-04-06 16:13:33',2),(602,'nec ligula consectetuer rhoncus. Nullam velit dui, semper et, lacinia','2018-04-23 13:25:25',3),(603,'Cras vulputate velit eu sem. Pellentesque ut ipsum ac mi','2016-12-06 18:38:55',4),(604,'consectetuer mauris id sapien. Cras dolor dolor, tempus non, lacinia','2017-04-19 18:43:45',5),(605,'inceptos hymenaeos. Mauris ut quam vel sapien imperdiet ornare. In','2018-07-14 14:22:37',6),(606,'Quisque fringilla euismod enim. Etiam gravida molestie arcu. Sed eu','2018-02-11 19:23:40',7),(607,'massa non ante bibendum ullamcorper. Duis cursus, diam at pretium','2018-09-22 21:38:44',8),(608,'enim, sit amet ornare lectus justo eu arcu. Morbi sit','2016-11-13 11:33:07',9),(609,'dictum. Proin eget odio. Aliquam vulputate ullamcorper magna. Sed eu','2017-04-14 22:08:07',10),(610,'senectus et netus et malesuada fames ac turpis egestas. Aliquam','2018-03-19 05:29:30',11),(611,'iaculis nec, eleifend non, dapibus rutrum, justo. Praesent luctus. Curabitur','2017-09-06 09:24:51',12),(612,'Pellentesque habitant morbi tristique senectus et netus et malesuada fames','2018-05-24 02:49:40',13),(613,'dis parturient montes, nascetur ridiculus mus. Donec dignissim magna a','2018-10-27 09:28:37',14),(614,'gravida. Praesent eu nulla at sem molestie sodales. Mauris blandit','2018-05-10 21:37:54',15),(615,'Sed malesuada augue ut lacus. Nulla tincidunt, neque vitae semper','2017-07-22 08:31:37',16),(616,'diam. Proin dolor. Nulla semper tellus id nunc interdum feugiat.','2018-01-13 00:26:14',17),(617,'magnis dis parturient montes, nascetur ridiculus mus. Proin vel nisl.','2017-02-03 04:43:56',18),(618,'augue scelerisque mollis. Phasellus libero mauris, aliquam eu, accumsan sed,','2017-05-19 15:08:40',19),(619,'vitae, sodales at, velit. Pellentesque ultricies dignissim lacus. Aliquam rutrum','2018-01-24 12:29:02',20),(620,'Nam ligula elit, pretium et, rutrum non, hendrerit id, ante.','2018-01-14 07:32:39',21),(621,'augue eu tellus. Phasellus elit pede, malesuada vel, venenatis vel,','2017-08-11 04:26:52',22),(622,'hendrerit a, arcu. Sed et libero. Proin mi. Aliquam gravida','2017-12-26 20:52:04',23),(623,'laoreet ipsum. Curabitur consequat, lectus sit amet luctus vulputate, nisi','2016-12-19 05:58:32',24),(624,'egestas a, dui. Cras pellentesque. Sed dictum. Proin eget odio.','2017-03-20 22:01:14',25),(625,'primis in faucibus orci luctus et ultrices posuere cubilia Curae;','2016-11-07 12:20:24',26),(626,'odio tristique pharetra. Quisque ac libero nec ligula consectetuer rhoncus.','2017-02-14 06:00:48',27),(627,'vehicula risus. Nulla eget metus eu erat semper rutrum. Fusce','2017-02-26 11:52:07',28),(628,'quis, pede. Praesent eu dui. Cum sociis natoque penatibus et','2017-11-29 04:16:02',29),(629,'sagittis. Duis gravida. Praesent eu nulla at sem molestie sodales.','2018-09-07 16:08:57',30),(630,'tincidunt nibh. Phasellus nulla. Integer vulputate, risus a ultricies adipiscing,','2018-06-15 07:15:32',31),(631,'consequat auctor, nunc nulla vulputate dui, nec tempus mauris erat','2017-12-16 22:45:28',32),(632,'Suspendisse sagittis. Nullam vitae diam. Proin dolor. Nulla semper tellus','2018-08-16 10:06:28',33),(633,'semper tellus id nunc interdum feugiat. Sed nec metus facilisis','2018-08-10 18:12:56',34),(634,'ipsum dolor sit amet, consectetuer adipiscing elit. Etiam laoreet, libero','2017-05-27 21:08:24',35),(635,'dictum mi, ac mattis velit justo nec ante. Maecenas mi','2018-02-16 22:24:47',36),(636,'facilisis vitae, orci. Phasellus dapibus quam quis diam. Pellentesque habitant','2018-04-05 15:29:52',37),(637,'venenatis lacus. Etiam bibendum fermentum metus. Aenean sed pede nec','2018-01-26 23:08:32',38),(638,'ac turpis egestas. Fusce aliquet magna a neque. Nullam ut','2018-05-21 18:57:40',39),(639,'leo, in lobortis tellus justo sit amet nulla. Donec non','2017-04-10 10:46:20',40),(640,'Donec egestas. Aliquam nec enim. Nunc ut erat. Sed nunc','2016-12-30 00:35:47',41),(641,'augue scelerisque mollis. Phasellus libero mauris, aliquam eu, accumsan sed,','2018-06-13 00:39:28',42),(642,'et pede. Nunc sed orci lobortis augue scelerisque mollis. Phasellus','2017-06-10 13:05:35',43),(643,'et netus et malesuada fames ac turpis egestas. Fusce aliquet','2018-04-26 02:42:55',44),(644,'nec, imperdiet nec, leo. Morbi neque tellus, imperdiet non, vestibulum','2018-03-31 01:15:06',45),(645,'elit. Etiam laoreet, libero et tristique pellentesque, tellus sem mollis','2017-12-26 01:33:50',46),(646,'tortor at risus. Nunc ac sem ut dolor dapibus gravida.','2018-04-22 23:01:18',47),(647,'adipiscing elit. Etiam laoreet, libero et tristique pellentesque, tellus sem','2017-01-03 00:11:01',48),(648,'faucibus. Morbi vehicula. Pellentesque tincidunt tempus risus. Donec egestas. Duis','2017-08-04 11:17:17',49),(649,'pharetra. Quisque ac libero nec ligula consectetuer rhoncus. Nullam velit','2017-05-25 05:01:39',50),(650,'et magnis dis parturient montes, nascetur ridiculus mus. Proin vel','2017-02-24 13:07:15',51),(651,'nibh dolor, nonummy ac, feugiat non, lobortis quis, pede. Suspendisse','2016-12-14 07:53:35',52),(652,'Curabitur egestas nunc sed libero. Proin sed turpis nec mauris','2017-02-01 05:51:19',53),(653,'risus. Morbi metus. Vivamus euismod urna. Nullam lobortis quam a','2017-04-22 08:33:24',54),(654,'Curae; Phasellus ornare. Fusce mollis. Duis sit amet diam eu','2017-08-19 22:06:05',55),(655,'imperdiet, erat nonummy ultricies ornare, elit elit fermentum risus, at','2016-12-18 17:24:42',56),(656,'Nullam feugiat placerat velit. Quisque varius. Nam porttitor scelerisque neque.','2018-09-02 10:51:09',57),(657,'ullamcorper viverra. Maecenas iaculis aliquet diam. Sed diam lorem, auctor','2018-07-23 04:14:49',58),(658,'erat volutpat. Nulla dignissim. Maecenas ornare egestas ligula. Nullam feugiat','2017-09-27 04:53:06',59),(659,'sem molestie sodales. Mauris blandit enim consequat purus. Maecenas libero','2017-08-26 15:39:45',60),(660,'ac nulla. In tincidunt congue turpis. In condimentum. Donec at','2017-03-13 14:46:29',61),(661,'accumsan laoreet ipsum. Curabitur consequat, lectus sit amet luctus vulputate,','2017-05-08 13:25:08',62),(662,'nisl arcu iaculis enim, sit amet ornare lectus justo eu','2018-04-12 12:54:19',63),(663,'nec quam. Curabitur vel lectus. Cum sociis natoque penatibus et','2017-05-14 06:32:25',64),(664,'pharetra, felis eget varius ultrices, mauris ipsum porta elit, a','2016-11-28 14:12:37',65),(665,'consectetuer ipsum nunc id enim. Curabitur massa. Vestibulum accumsan neque','2017-04-02 18:07:58',66),(666,'lorem ac risus. Morbi metus. Vivamus euismod urna. Nullam lobortis','2017-05-17 17:48:44',67),(667,'habitant morbi tristique senectus et netus et malesuada fames ac','2017-02-24 00:08:20',68),(668,'vehicula aliquet libero. Integer in magna. Phasellus dolor elit, pellentesque','2018-09-20 11:55:27',69),(669,'commodo tincidunt nibh. Phasellus nulla. Integer vulputate, risus a ultricies','2017-11-05 02:47:02',70),(670,'tincidunt dui augue eu tellus. Phasellus elit pede, malesuada vel,','2018-04-30 18:04:47',71),(671,'pede. Cras vulputate velit eu sem. Pellentesque ut ipsum ac','2018-03-21 09:31:30',72),(672,'tempus risus. Donec egestas. Duis ac arcu. Nunc mauris. Morbi','2018-08-17 18:44:06',73),(673,'Aliquam ornare, libero at auctor ullamcorper, nisl arcu iaculis enim,','2018-04-05 09:27:55',74),(674,'leo. Vivamus nibh dolor, nonummy ac, feugiat non, lobortis quis,','2018-02-27 03:59:12',75),(675,'molestie pharetra nibh. Aliquam ornare, libero at auctor ullamcorper, nisl','2017-04-21 07:08:16',76),(676,'massa. Quisque porttitor eros nec tellus. Nunc lectus pede, ultrices','2018-08-04 15:23:43',77),(677,'faucibus id, libero. Donec consectetuer mauris id sapien. Cras dolor','2016-11-11 17:24:32',78),(678,'Cum sociis natoque penatibus et magnis dis parturient montes, nascetur','2017-06-15 11:23:35',79),(679,'Vestibulum accumsan neque et nunc. Quisque ornare tortor at risus.','2018-03-01 21:44:09',80),(680,'orci lobortis augue scelerisque mollis. Phasellus libero mauris, aliquam eu,','2017-06-18 13:16:15',81),(681,'in magna. Phasellus dolor elit, pellentesque a, facilisis non, bibendum','2018-05-23 17:27:52',82),(682,'Duis mi enim, condimentum eget, volutpat ornare, facilisis eget, ipsum.','2018-05-15 23:02:03',83),(683,'sapien. Nunc pulvinar arcu et pede. Nunc sed orci lobortis','2018-09-02 02:36:43',84),(684,'mauris. Morbi non sapien molestie orci tincidunt adipiscing. Mauris molestie','2018-04-27 16:09:58',85),(685,'ipsum. Donec sollicitudin adipiscing ligula. Aenean gravida nunc sed pede.','2017-08-25 04:54:46',86),(686,'malesuada id, erat. Etiam vestibulum massa rutrum magna. Cras convallis','2017-04-02 14:16:59',87),(687,'varius. Nam porttitor scelerisque neque. Nullam nisl. Maecenas malesuada fringilla','2018-03-11 19:31:39',88),(688,'vulputate dui, nec tempus mauris erat eget ipsum. Suspendisse sagittis.','2018-08-30 21:25:18',89),(689,'gravida. Aliquam tincidunt, nunc ac mattis ornare, lectus ante dictum','2018-04-27 14:49:25',90),(690,'nonummy ut, molestie in, tempus eu, ligula. Aenean euismod mauris','2018-08-03 02:56:48',91),(691,'consectetuer rhoncus. Nullam velit dui, semper et, lacinia vitae, sodales','2017-05-05 07:22:46',92),(692,'fringilla, porttitor vulputate, posuere vulputate, lacus. Cras interdum. Nunc sollicitudin','2017-09-18 17:53:41',93),(693,'est, congue a, aliquet vel, vulputate eu, odio. Phasellus at','2017-08-26 23:27:31',94),(694,'sit amet, consectetuer adipiscing elit. Etiam laoreet, libero et tristique','2018-09-10 06:12:17',95),(695,'dignissim pharetra. Nam ac nulla. In tincidunt congue turpis. In','2017-08-27 07:36:38',96),(696,'lacus. Cras interdum. Nunc sollicitudin commodo ipsum. Suspendisse non leo.','2017-12-21 15:04:47',97),(697,'fermentum arcu. Vestibulum ante ipsum primis in faucibus orci luctus','2018-07-21 12:37:03',98),(698,'pellentesque massa lobortis ultrices. Vivamus rhoncus. Donec est. Nunc ullamcorper,','2017-09-27 05:17:48',99),(699,'Pellentesque habitant morbi tristique senectus et netus et malesuada fames','2017-06-09 10:59:16',100),(700,'eros. Proin ultrices. Duis volutpat nunc sit amet metus. Aliquam','2018-09-01 10:01:55',1),(701,'et malesuada fames ac turpis egestas. Aliquam fringilla cursus purus.','2018-09-04 16:35:03',2),(702,'mauris id sapien. Cras dolor dolor, tempus non, lacinia at,','2018-02-10 05:54:39',3),(703,'risus. Nunc ac sem ut dolor dapibus gravida. Aliquam tincidunt,','2018-09-18 23:32:02',4),(704,'vulputate mauris sagittis placerat. Cras dictum ultricies ligula. Nullam enim.','2017-05-29 08:11:09',5),(705,'Nulla interdum. Curabitur dictum. Phasellus in felis. Nulla tempor augue','2017-09-17 17:43:24',6),(706,'ac orci. Ut semper pretium neque. Morbi quis urna. Nunc','2018-09-28 18:19:05',7),(707,'dui, in sodales elit erat vitae risus. Duis a mi','2016-11-11 14:25:20',8),(708,'tellus sem mollis dui, in sodales elit erat vitae risus.','2017-10-28 03:49:06',9),(709,'massa non ante bibendum ullamcorper. Duis cursus, diam at pretium','2018-06-07 19:10:52',10),(710,'Sed pharetra, felis eget varius ultrices, mauris ipsum porta elit,','2017-04-09 16:03:20',11),(711,'mattis. Integer eu lacus. Quisque imperdiet, erat nonummy ultricies ornare,','2018-06-08 07:00:51',12),(712,'In condimentum. Donec at arcu. Vestibulum ante ipsum primis in','2017-02-18 13:31:12',13),(713,'magna sed dui. Fusce aliquam, enim nec tempus scelerisque, lorem','2018-01-22 09:11:50',14),(714,'molestie tortor nibh sit amet orci. Ut sagittis lobortis mauris.','2017-04-24 21:40:12',15),(715,'augue id ante dictum cursus. Nunc mauris elit, dictum eu,','2017-06-21 04:03:31',16),(716,'malesuada. Integer id magna et ipsum cursus vestibulum. Mauris magna.','2018-08-20 15:06:18',17),(717,'euismod urna. Nullam lobortis quam a felis ullamcorper viverra. Maecenas','2018-03-11 15:30:46',18),(718,'eu, euismod ac, fermentum vel, mauris. Integer sem elit, pharetra','2018-04-21 20:41:32',19),(719,'aliquam, enim nec tempus scelerisque, lorem ipsum sodales purus, in','2018-05-14 13:04:17',20),(720,'nisi magna sed dui. Fusce aliquam, enim nec tempus scelerisque,','2017-10-01 04:38:03',21),(721,'nulla at sem molestie sodales. Mauris blandit enim consequat purus.','2016-11-12 06:07:26',22),(722,'at, iaculis quis, pede. Praesent eu dui. Cum sociis natoque','2016-12-23 17:21:17',23),(723,'Aenean gravida nunc sed pede. Cum sociis natoque penatibus et','2018-07-13 19:41:33',24),(724,'sed dui. Fusce aliquam, enim nec tempus scelerisque, lorem ipsum','2016-11-20 06:07:51',25),(725,'Nullam lobortis quam a felis ullamcorper viverra. Maecenas iaculis aliquet','2016-11-11 09:29:10',26),(726,'Nulla dignissim. Maecenas ornare egestas ligula. Nullam feugiat placerat velit.','2017-10-30 09:16:23',27),(727,'ligula. Aenean euismod mauris eu elit. Nulla facilisi. Sed neque.','2018-01-10 00:53:59',28),(728,'placerat velit. Quisque varius. Nam porttitor scelerisque neque. Nullam nisl.','2017-05-14 03:46:58',29),(729,'convallis dolor. Quisque tincidunt pede ac urna. Ut tincidunt vehicula','2017-04-12 15:26:50',30),(730,'accumsan sed, facilisis vitae, orci. Phasellus dapibus quam quis diam.','2018-04-04 16:59:41',31),(731,'vitae erat vel pede blandit congue. In scelerisque scelerisque dui.','2017-05-24 04:15:20',32),(732,'non, luctus sit amet, faucibus ut, nulla. Cras eu tellus','2018-07-04 01:08:04',33),(733,'lorem, auctor quis, tristique ac, eleifend vitae, erat. Vivamus nisi.','2017-07-02 05:14:09',34),(734,'adipiscing ligula. Aenean gravida nunc sed pede. Cum sociis natoque','2018-03-05 23:03:18',35),(735,'gravida mauris ut mi. Duis risus odio, auctor vitae, aliquet','2017-09-21 08:14:22',36),(736,'at arcu. Vestibulum ante ipsum primis in faucibus orci luctus','2018-03-13 11:29:13',37),(737,'justo. Proin non massa non ante bibendum ullamcorper. Duis cursus,','2018-01-29 01:57:48',38),(738,'facilisis facilisis, magna tellus faucibus leo, in lobortis tellus justo','2017-04-17 03:08:53',39),(739,'sollicitudin a, malesuada id, erat. Etiam vestibulum massa rutrum magna.','2018-01-18 12:04:02',40),(740,'mattis velit justo nec ante. Maecenas mi felis, adipiscing fringilla,','2018-02-22 08:49:56',41),(741,'odio sagittis semper. Nam tempor diam dictum sapien. Aenean massa.','2018-03-13 18:58:07',42),(742,'sit amet, risus. Donec nibh enim, gravida sit amet, dapibus','2018-04-08 16:56:51',43),(743,'amet, consectetuer adipiscing elit. Aliquam auctor, velit eget laoreet posuere,','2017-04-30 07:18:46',44),(744,'non nisi. Aenean eget metus. In nec orci. Donec nibh.','2018-03-08 04:35:53',45),(745,'tristique senectus et netus et malesuada fames ac turpis egestas.','2017-03-02 23:17:33',46),(746,'eget, ipsum. Donec sollicitudin adipiscing ligula. Aenean gravida nunc sed','2018-01-13 06:08:41',47),(747,'arcu iaculis enim, sit amet ornare lectus justo eu arcu.','2018-06-21 22:58:13',48),(748,'gravida molestie arcu. Sed eu nibh vulputate mauris sagittis placerat.','2017-11-07 09:25:56',49),(749,'neque. Morbi quis urna. Nunc quis arcu vel quam dignissim','2017-01-10 23:42:26',50),(750,'elementum at, egestas a, scelerisque sed, sapien. Nunc pulvinar arcu','2018-02-11 18:18:34',51),(751,'amet, consectetuer adipiscing elit. Etiam laoreet, libero et tristique pellentesque,','2018-03-03 01:56:59',52),(752,'ante. Maecenas mi felis, adipiscing fringilla, porttitor vulputate, posuere vulputate,','2018-02-05 20:04:27',53),(753,'imperdiet ullamcorper. Duis at lacus. Quisque purus sapien, gravida non,','2018-04-05 19:42:08',54),(754,'facilisi. Sed neque. Sed eget lacus. Mauris non dui nec','2017-03-30 19:02:00',55),(755,'eu tellus eu augue porttitor interdum. Sed auctor odio a','2018-03-05 01:08:10',56),(756,'convallis erat, eget tincidunt dui augue eu tellus. Phasellus elit','2017-11-11 07:19:27',57),(757,'dolor. Donec fringilla. Donec feugiat metus sit amet ante. Vivamus','2017-09-25 10:40:02',58),(758,'Duis mi enim, condimentum eget, volutpat ornare, facilisis eget, ipsum.','2017-01-31 21:42:44',59),(759,'eu enim. Etiam imperdiet dictum magna. Ut tincidunt orci quis','2017-06-19 19:57:56',60),(760,'hendrerit neque. In ornare sagittis felis. Donec tempor, est ac','2017-04-04 08:17:24',61),(761,'eu lacus. Quisque imperdiet, erat nonummy ultricies ornare, elit elit','2018-05-20 20:24:01',62),(762,'erat. Etiam vestibulum massa rutrum magna. Cras convallis convallis dolor.','2017-03-03 02:44:24',63),(763,'aliquet diam. Sed diam lorem, auctor quis, tristique ac, eleifend','2017-12-16 08:00:31',64),(764,'Phasellus ornare. Fusce mollis. Duis sit amet diam eu dolor','2018-01-14 16:25:41',65),(765,'Quisque fringilla euismod enim. Etiam gravida molestie arcu. Sed eu','2017-04-27 10:27:51',66),(766,'urna. Nullam lobortis quam a felis ullamcorper viverra. Maecenas iaculis','2017-02-07 02:56:53',67),(767,'Nullam vitae diam. Proin dolor. Nulla semper tellus id nunc','2017-10-03 11:45:12',68),(768,'aliquet, sem ut cursus luctus, ipsum leo elementum sem, vitae','2017-01-09 00:09:18',69),(769,'tristique aliquet. Phasellus fermentum convallis ligula. Donec luctus aliquet odio.','2017-04-26 06:38:56',70),(770,'lectus pede, ultrices a, auctor non, feugiat nec, diam. Duis','2018-07-30 10:31:25',71),(771,'Nam interdum enim non nisi. Aenean eget metus. In nec','2016-12-29 22:09:11',72),(772,'vehicula aliquet libero. Integer in magna. Phasellus dolor elit, pellentesque','2018-03-24 14:06:20',73),(773,'nascetur ridiculus mus. Proin vel nisl. Quisque fringilla euismod enim.','2017-08-15 13:23:23',74),(774,'consectetuer adipiscing elit. Etiam laoreet, libero et tristique pellentesque, tellus','2017-04-30 00:07:10',75),(775,'nisl sem, consequat nec, mollis vitae, posuere at, velit. Cras','2018-01-30 19:38:06',76),(776,'et, euismod et, commodo at, libero. Morbi accumsan laoreet ipsum.','2018-04-09 11:14:14',77),(777,'sit amet massa. Quisque porttitor eros nec tellus. Nunc lectus','2018-04-20 07:51:46',78),(778,'ligula. Aenean euismod mauris eu elit. Nulla facilisi. Sed neque.','2018-02-28 03:47:30',79),(779,'felis ullamcorper viverra. Maecenas iaculis aliquet diam. Sed diam lorem,','2017-05-31 14:58:17',80),(780,'montes, nascetur ridiculus mus. Aenean eget magna. Suspendisse tristique neque','2018-01-09 06:04:37',81),(781,'ante ipsum primis in faucibus orci luctus et ultrices posuere','2018-01-22 07:25:30',82),(782,'amet lorem semper auctor. Mauris vel turpis. Aliquam adipiscing lobortis','2018-07-14 07:21:05',83),(783,'est arcu ac orci. Ut semper pretium neque. Morbi quis','2017-06-30 11:09:05',84),(784,'justo eu arcu. Morbi sit amet massa. Quisque porttitor eros','2018-09-06 01:09:25',85),(785,'sed dictum eleifend, nunc risus varius orci, in consequat enim','2017-09-21 07:30:02',86),(786,'quis arcu vel quam dignissim pharetra. Nam ac nulla. In','2018-01-23 01:57:12',87),(787,'quis diam luctus lobortis. Class aptent taciti sociosqu ad litora','2017-08-08 07:39:18',88),(788,'Ut semper pretium neque. Morbi quis urna. Nunc quis arcu','2017-01-01 15:25:12',89),(789,'dis parturient montes, nascetur ridiculus mus. Proin vel arcu eu','2017-11-23 07:54:33',90),(790,'eget nisi dictum augue malesuada malesuada. Integer id magna et','2017-06-17 13:53:27',91),(791,'Nulla dignissim. Maecenas ornare egestas ligula. Nullam feugiat placerat velit.','2017-10-03 03:19:19',92),(792,'pretium aliquet, metus urna convallis erat, eget tincidunt dui augue','2018-07-25 19:44:53',93),(793,'ornare lectus justo eu arcu. Morbi sit amet massa. Quisque','2017-01-24 09:16:46',94),(794,'Sed id risus quis diam luctus lobortis. Class aptent taciti','2018-05-22 02:58:32',95),(795,'dictum eu, eleifend nec, malesuada ut, sem. Nulla interdum. Curabitur','2018-01-21 09:36:04',96),(796,'Cum sociis natoque penatibus et magnis dis parturient montes, nascetur','2017-12-13 19:27:21',97),(797,'eu odio tristique pharetra. Quisque ac libero nec ligula consectetuer','2017-07-18 03:10:14',98),(798,'sem egestas blandit. Nam nulla magna, malesuada vel, convallis in,','2018-08-26 02:11:43',99),(799,'Quisque nonummy ipsum non arcu. Vivamus sit amet risus. Donec','2017-10-10 06:53:10',100),(800,'risus. Donec egestas. Duis ac arcu. Nunc mauris. Morbi non','2017-04-04 23:14:20',1),(801,'nisi a odio semper cursus. Integer mollis. Integer tincidunt aliquam','2018-05-11 03:03:47',2),(802,'sapien, gravida non, sollicitudin a, malesuada id, erat. Etiam vestibulum','2017-01-05 15:08:51',3),(803,'semper et, lacinia vitae, sodales at, velit. Pellentesque ultricies dignissim','2017-11-21 08:37:36',4),(804,'sed, hendrerit a, arcu. Sed et libero. Proin mi. Aliquam','2017-02-12 20:40:29',5),(805,'Class aptent taciti sociosqu ad litora torquent per conubia nostra,','2016-10-31 11:32:34',6),(806,'lectus quis massa. Mauris vestibulum, neque sed dictum eleifend, nunc','2018-05-02 22:21:49',7),(807,'ultricies sem magna nec quam. Curabitur vel lectus. Cum sociis','2017-05-28 21:07:11',8),(808,'tristique senectus et netus et malesuada fames ac turpis egestas.','2016-11-07 04:09:02',9),(809,'nec tempus scelerisque, lorem ipsum sodales purus, in molestie tortor','2018-08-09 23:44:36',10),(810,'mi pede, nonummy ut, molestie in, tempus eu, ligula. Aenean','2017-10-08 02:58:24',11),(811,'interdum. Curabitur dictum. Phasellus in felis. Nulla tempor augue ac','2017-09-28 04:06:24',12),(812,'enim. Sed nulla ante, iaculis nec, eleifend non, dapibus rutrum,','2018-01-23 09:26:23',13),(813,'non, dapibus rutrum, justo. Praesent luctus. Curabitur egestas nunc sed','2018-02-20 13:31:18',14),(814,'sapien imperdiet ornare. In faucibus. Morbi vehicula. Pellentesque tincidunt tempus','2017-08-10 12:52:30',15),(815,'ipsum ac mi eleifend egestas. Sed pharetra, felis eget varius','2018-08-02 11:37:04',16),(816,'elit fermentum risus, at fringilla purus mauris a nunc. In','2017-11-23 20:04:35',17),(817,'tellus. Aenean egestas hendrerit neque. In ornare sagittis felis. Donec','2017-10-29 06:25:56',18),(818,'dis parturient montes, nascetur ridiculus mus. Proin vel arcu eu','2017-03-18 13:52:04',19),(819,'velit eu sem. Pellentesque ut ipsum ac mi eleifend egestas.','2018-04-08 05:21:30',20),(820,'hendrerit id, ante. Nunc mauris sapien, cursus in, hendrerit consectetuer,','2017-06-03 07:15:33',21),(821,'libero est, congue a, aliquet vel, vulputate eu, odio. Phasellus','2018-08-17 20:09:34',22),(822,'ac urna. Ut tincidunt vehicula risus. Nulla eget metus eu','2017-11-25 13:33:15',23),(823,'gravida. Praesent eu nulla at sem molestie sodales. Mauris blandit','2018-02-20 16:05:20',24),(824,'nostra, per inceptos hymenaeos. Mauris ut quam vel sapien imperdiet','2018-07-20 09:23:29',25),(825,'quis arcu vel quam dignissim pharetra. Nam ac nulla. In','2017-12-12 16:10:35',26),(826,'pellentesque, tellus sem mollis dui, in sodales elit erat vitae','2018-02-27 10:30:58',27),(827,'tellus. Nunc lectus pede, ultrices a, auctor non, feugiat nec,','2018-09-14 18:34:17',28),(828,'metus. Aenean sed pede nec ante blandit viverra. Donec tempus,','2017-02-07 19:34:01',29),(829,'Etiam ligula tortor, dictum eu, placerat eget, venenatis a, magna.','2018-08-30 00:57:22',30),(830,'Donec nibh enim, gravida sit amet, dapibus id, blandit at,','2017-12-09 21:01:57',31),(831,'egestas. Fusce aliquet magna a neque. Nullam ut nisi a','2017-03-19 13:47:49',32),(832,'tellus justo sit amet nulla. Donec non justo. Proin non','2017-03-24 04:46:15',33),(833,'Aliquam gravida mauris ut mi. Duis risus odio, auctor vitae,','2017-06-06 05:05:47',34),(834,'quis diam luctus lobortis. Class aptent taciti sociosqu ad litora','2017-09-18 15:00:10',35),(835,'Praesent eu nulla at sem molestie sodales. Mauris blandit enim','2017-07-22 01:37:55',36),(836,'nec, leo. Morbi neque tellus, imperdiet non, vestibulum nec, euismod','2018-07-31 17:51:38',37),(837,'ultricies dignissim lacus. Aliquam rutrum lorem ac risus. Morbi metus.','2018-06-15 06:21:34',38),(838,'ligula consectetuer rhoncus. Nullam velit dui, semper et, lacinia vitae,','2017-07-27 16:39:33',39),(839,'a, auctor non, feugiat nec, diam. Duis mi enim, condimentum','2018-06-04 01:52:49',40),(840,'Aliquam nisl. Nulla eu neque pellentesque massa lobortis ultrices. Vivamus','2017-11-07 02:09:27',41),(841,'elit. Curabitur sed tortor. Integer aliquam adipiscing lacus. Ut nec','2016-11-25 04:46:21',42),(842,'quam. Curabitur vel lectus. Cum sociis natoque penatibus et magnis','2017-05-20 13:27:55',43),(843,'arcu ac orci. Ut semper pretium neque. Morbi quis urna.','2016-12-31 12:55:47',44),(844,'interdum feugiat. Sed nec metus facilisis lorem tristique aliquet. Phasellus','2017-10-13 22:25:09',45),(845,'Duis cursus, diam at pretium aliquet, metus urna convallis erat,','2017-09-03 11:53:36',46),(846,'elit, pretium et, rutrum non, hendrerit id, ante. Nunc mauris','2017-02-19 14:12:31',47),(847,'natoque penatibus et magnis dis parturient montes, nascetur ridiculus mus.','2018-06-10 19:47:45',48),(848,'ante ipsum primis in faucibus orci luctus et ultrices posuere','2017-09-10 15:57:41',49),(849,'malesuada fames ac turpis egestas. Fusce aliquet magna a neque.','2018-08-20 06:53:21',50),(850,'ac mattis velit justo nec ante. Maecenas mi felis, adipiscing','2017-03-06 05:30:44',51),(851,'adipiscing. Mauris molestie pharetra nibh. Aliquam ornare, libero at auctor','2017-05-08 12:49:19',52),(852,'id, mollis nec, cursus a, enim. Suspendisse aliquet, sem ut','2017-07-14 09:08:38',53),(853,'Cum sociis natoque penatibus et magnis dis parturient montes, nascetur','2018-07-23 16:28:30',54),(854,'pharetra. Quisque ac libero nec ligula consectetuer rhoncus. Nullam velit','2017-05-27 05:36:46',55),(855,'est, congue a, aliquet vel, vulputate eu, odio. Phasellus at','2017-11-09 06:49:52',56),(856,'mauris erat eget ipsum. Suspendisse sagittis. Nullam vitae diam. Proin','2018-01-03 01:13:52',57),(857,'Phasellus vitae mauris sit amet lorem semper auctor. Mauris vel','2018-09-12 07:46:39',58),(858,'nunc ac mattis ornare, lectus ante dictum mi, ac mattis','2017-01-24 03:30:46',59),(859,'quam, elementum at, egestas a, scelerisque sed, sapien. Nunc pulvinar','2017-03-20 11:28:07',60),(860,'Aenean sed pede nec ante blandit viverra. Donec tempus, lorem','2017-09-29 11:12:35',61),(861,'dictum cursus. Nunc mauris elit, dictum eu, eleifend nec, malesuada','2017-10-12 08:16:18',62),(862,'amet, faucibus ut, nulla. Cras eu tellus eu augue porttitor','2017-06-20 06:43:47',63),(863,'facilisis, magna tellus faucibus leo, in lobortis tellus justo sit','2018-05-14 22:51:57',64),(864,'molestie in, tempus eu, ligula. Aenean euismod mauris eu elit.','2018-07-26 02:30:03',65),(865,'consectetuer mauris id sapien. Cras dolor dolor, tempus non, lacinia','2018-06-01 08:15:47',66),(866,'ipsum nunc id enim. Curabitur massa. Vestibulum accumsan neque et','2017-12-11 19:56:20',67),(867,'pharetra. Quisque ac libero nec ligula consectetuer rhoncus. Nullam velit','2017-08-05 21:24:39',68),(868,'ultrices. Vivamus rhoncus. Donec est. Nunc ullamcorper, velit in aliquet','2018-02-03 21:36:19',69),(869,'tellus faucibus leo, in lobortis tellus justo sit amet nulla.','2018-09-13 15:43:35',70),(870,'orci sem eget massa. Suspendisse eleifend. Cras sed leo. Cras','2018-06-08 17:13:52',71),(871,'ipsum. Curabitur consequat, lectus sit amet luctus vulputate, nisi sem','2017-03-05 04:28:40',72),(872,'imperdiet non, vestibulum nec, euismod in, dolor. Fusce feugiat. Lorem','2017-04-10 01:06:36',73),(873,'neque. Nullam nisl. Maecenas malesuada fringilla est. Mauris eu turpis.','2017-06-22 04:35:39',74),(874,'semper auctor. Mauris vel turpis. Aliquam adipiscing lobortis risus. In','2017-03-06 03:53:08',75),(875,'nulla. In tincidunt congue turpis. In condimentum. Donec at arcu.','2017-12-20 20:37:33',76),(876,'ac turpis egestas. Aliquam fringilla cursus purus. Nullam scelerisque neque','2017-05-27 07:46:37',77),(877,'Fusce diam nunc, ullamcorper eu, euismod ac, fermentum vel, mauris.','2018-09-04 09:08:26',78),(878,'Cras eget nisi dictum augue malesuada malesuada. Integer id magna','2018-03-05 05:20:12',79),(879,'dignissim. Maecenas ornare egestas ligula. Nullam feugiat placerat velit. Quisque','2018-03-20 20:43:53',80),(880,'Aenean eget metus. In nec orci. Donec nibh. Quisque nonummy','2016-12-15 11:59:14',81),(881,'interdum ligula eu enim. Etiam imperdiet dictum magna. Ut tincidunt','2017-10-10 07:33:18',82),(882,'et malesuada fames ac turpis egestas. Aliquam fringilla cursus purus.','2018-05-31 05:14:49',83),(883,'vitae, orci. Phasellus dapibus quam quis diam. Pellentesque habitant morbi','2017-05-22 10:23:00',84),(884,'feugiat. Sed nec metus facilisis lorem tristique aliquet. Phasellus fermentum','2018-06-24 18:33:14',85),(885,'a, auctor non, feugiat nec, diam. Duis mi enim, condimentum','2017-02-10 21:17:46',86),(886,'Vivamus euismod urna. Nullam lobortis quam a felis ullamcorper viverra.','2017-04-30 00:00:09',87),(887,'dolor quam, elementum at, egestas a, scelerisque sed, sapien. Nunc','2018-04-30 19:09:25',88),(888,'Duis dignissim tempor arcu. Vestibulum ut eros non enim commodo','2018-03-05 06:32:59',89),(889,'urna, nec luctus felis purus ac tellus. Suspendisse sed dolor.','2018-03-29 13:37:57',90),(890,'montes, nascetur ridiculus mus. Donec dignissim magna a tortor. Nunc','2018-08-04 09:24:25',91),(891,'nibh enim, gravida sit amet, dapibus id, blandit at, nisi.','2017-06-24 03:17:49',92),(892,'sit amet luctus vulputate, nisi sem semper erat, in consectetuer','2017-12-27 03:55:49',93),(893,'ac arcu. Nunc mauris. Morbi non sapien molestie orci tincidunt','2018-07-24 21:35:33',94),(894,'rutrum magna. Cras convallis convallis dolor. Quisque tincidunt pede ac','2018-10-16 15:14:13',95),(895,'nec quam. Curabitur vel lectus. Cum sociis natoque penatibus et','2017-08-02 06:08:35',96),(896,'facilisis. Suspendisse commodo tincidunt nibh. Phasellus nulla. Integer vulputate, risus','2017-11-22 15:51:09',97),(897,'Nulla interdum. Curabitur dictum. Phasellus in felis. Nulla tempor augue','2018-05-02 11:26:13',98),(898,'amet luctus vulputate, nisi sem semper erat, in consectetuer ipsum','2016-11-23 17:32:53',99),(899,'tristique ac, eleifend vitae, erat. Vivamus nisi. Mauris nulla. Integer','2017-01-19 17:33:49',100),(900,'tellus non magna. Nam ligula elit, pretium et, rutrum non,','2017-03-18 18:50:39',1),(901,'ac nulla. In tincidunt congue turpis. In condimentum. Donec at','2017-03-07 14:17:11',2),(902,'sit amet nulla. Donec non justo. Proin non massa non','2016-12-22 16:23:37',3),(903,'ut lacus. Nulla tincidunt, neque vitae semper egestas, urna justo','2018-03-25 03:37:24',4),(904,'varius et, euismod et, commodo at, libero. Morbi accumsan laoreet','2018-02-28 06:11:48',5),(905,'sit amet lorem semper auctor. Mauris vel turpis. Aliquam adipiscing','2018-03-02 08:27:55',6),(906,'nec orci. Donec nibh. Quisque nonummy ipsum non arcu. Vivamus','2018-08-07 18:19:03',7),(907,'arcu. Morbi sit amet massa. Quisque porttitor eros nec tellus.','2017-11-05 00:04:28',8),(908,'velit eget laoreet posuere, enim nisl elementum purus, accumsan interdum','2018-08-01 08:32:29',9),(909,'eget, volutpat ornare, facilisis eget, ipsum. Donec sollicitudin adipiscing ligula.','2018-10-01 02:28:37',10),(910,'eu, odio. Phasellus at augue id ante dictum cursus. Nunc','2017-11-01 19:58:26',11),(911,'facilisis lorem tristique aliquet. Phasellus fermentum convallis ligula. Donec luctus','2017-10-03 19:52:34',12),(912,'bibendum ullamcorper. Duis cursus, diam at pretium aliquet, metus urna','2016-11-23 02:16:45',13),(913,'ac ipsum. Phasellus vitae mauris sit amet lorem semper auctor.','2018-03-15 22:34:37',14),(914,'placerat, orci lacus vestibulum lorem, sit amet ultricies sem magna','2018-07-24 01:48:17',15),(915,'arcu imperdiet ullamcorper. Duis at lacus. Quisque purus sapien, gravida','2017-01-05 01:47:59',16),(916,'nibh. Phasellus nulla. Integer vulputate, risus a ultricies adipiscing, enim','2018-07-17 02:02:57',17),(917,'adipiscing non, luctus sit amet, faucibus ut, nulla. Cras eu','2017-01-21 02:57:55',18),(918,'aliquet lobortis, nisi nibh lacinia orci, consectetuer euismod est arcu','2017-03-04 19:00:34',19),(919,'at, velit. Pellentesque ultricies dignissim lacus. Aliquam rutrum lorem ac','2017-03-12 21:00:41',20),(920,'Fusce aliquet magna a neque. Nullam ut nisi a odio','2018-05-20 00:08:58',21),(921,'molestie in, tempus eu, ligula. Aenean euismod mauris eu elit.','2017-11-19 13:10:46',22),(922,'odio. Aliquam vulputate ullamcorper magna. Sed eu eros. Nam consequat','2018-10-03 03:11:19',23),(923,'aliquet odio. Etiam ligula tortor, dictum eu, placerat eget, venenatis','2017-04-11 21:03:42',24),(924,'primis in faucibus orci luctus et ultrices posuere cubilia Curae;','2017-08-18 16:52:53',25),(925,'mus. Proin vel nisl. Quisque fringilla euismod enim. Etiam gravida','2016-12-24 21:13:39',26),(926,'Praesent eu dui. Cum sociis natoque penatibus et magnis dis','2017-03-30 17:53:02',27),(927,'nunc sed libero. Proin sed turpis nec mauris blandit mattis.','2017-05-29 18:10:24',28),(928,'purus. Nullam scelerisque neque sed sem egestas blandit. Nam nulla','2018-03-31 16:41:37',29),(929,'egestas ligula. Nullam feugiat placerat velit. Quisque varius. Nam porttitor','2017-06-21 15:54:35',30),(930,'dis parturient montes, nascetur ridiculus mus. Aenean eget magna. Suspendisse','2018-04-18 02:33:42',31),(931,'id risus quis diam luctus lobortis. Class aptent taciti sociosqu','2017-07-23 23:45:18',32),(932,'convallis ligula. Donec luctus aliquet odio. Etiam ligula tortor, dictum','2017-11-30 18:36:19',33),(933,'neque. Nullam ut nisi a odio semper cursus. Integer mollis.','2016-12-20 13:28:13',34),(934,'risus. Nulla eget metus eu erat semper rutrum. Fusce dolor','2018-02-12 00:30:04',35),(935,'eu lacus. Quisque imperdiet, erat nonummy ultricies ornare, elit elit','2016-10-31 22:53:42',36),(936,'bibendum. Donec felis orci, adipiscing non, luctus sit amet, faucibus','2018-09-08 23:57:47',37),(937,'consectetuer adipiscing elit. Curabitur sed tortor. Integer aliquam adipiscing lacus.','2017-10-29 21:07:02',38),(938,'consequat enim diam vel arcu. Curabitur ut odio vel est','2016-11-18 12:29:19',39),(939,'aliquet vel, vulputate eu, odio. Phasellus at augue id ante','2016-12-17 08:30:15',40),(940,'ullamcorper. Duis cursus, diam at pretium aliquet, metus urna convallis','2018-04-17 09:25:20',41),(941,'vel est tempor bibendum. Donec felis orci, adipiscing non, luctus','2017-10-24 13:55:30',42),(942,'velit egestas lacinia. Sed congue, elit sed consequat auctor, nunc','2018-02-05 01:34:13',43),(943,'enim, gravida sit amet, dapibus id, blandit at, nisi. Cum','2017-11-21 09:35:19',44),(944,'a, auctor non, feugiat nec, diam. Duis mi enim, condimentum','2017-03-27 04:45:46',45),(945,'eu nibh vulputate mauris sagittis placerat. Cras dictum ultricies ligula.','2018-10-27 12:00:37',46),(946,'Vivamus molestie dapibus ligula. Aliquam erat volutpat. Nulla dignissim. Maecenas','2018-09-26 18:45:35',47),(947,'nunc sit amet metus. Aliquam erat volutpat. Nulla facilisis. Suspendisse','2018-03-21 08:39:24',48),(948,'lacus vestibulum lorem, sit amet ultricies sem magna nec quam.','2017-08-17 02:31:19',49),(949,'congue a, aliquet vel, vulputate eu, odio. Phasellus at augue','2017-04-06 02:59:07',50),(950,'turpis non enim. Mauris quis turpis vitae purus gravida sagittis.','2017-09-10 12:45:42',51),(951,'odio. Phasellus at augue id ante dictum cursus. Nunc mauris','2018-04-03 20:51:49',52),(952,'cursus et, eros. Proin ultrices. Duis volutpat nunc sit amet','2017-01-10 03:01:34',53),(953,'Quisque purus sapien, gravida non, sollicitudin a, malesuada id, erat.','2017-01-07 16:38:32',54),(954,'sed dui. Fusce aliquam, enim nec tempus scelerisque, lorem ipsum','2016-12-21 20:43:28',55),(955,'Curabitur massa. Vestibulum accumsan neque et nunc. Quisque ornare tortor','2018-05-16 13:05:27',56),(956,'mauris eu elit. Nulla facilisi. Sed neque. Sed eget lacus.','2018-05-30 22:38:17',57),(957,'Nam tempor diam dictum sapien. Aenean massa. Integer vitae nibh.','2016-11-29 02:49:21',58),(958,'lobortis tellus justo sit amet nulla. Donec non justo. Proin','2018-05-15 06:20:41',59),(959,'dolor, tempus non, lacinia at, iaculis quis, pede. Praesent eu','2017-04-08 23:13:40',60),(960,'faucibus orci luctus et ultrices posuere cubilia Curae; Phasellus ornare.','2017-05-31 09:52:43',61),(961,'Etiam ligula tortor, dictum eu, placerat eget, venenatis a, magna.','2018-08-02 17:57:40',62),(962,'vitae semper egestas, urna justo faucibus lectus, a sollicitudin orci','2017-12-19 01:00:00',63),(963,'Aliquam erat volutpat. Nulla facilisis. Suspendisse commodo tincidunt nibh. Phasellus','2018-10-25 21:33:04',64),(964,'sagittis placerat. Cras dictum ultricies ligula. Nullam enim. Sed nulla','2017-02-22 19:03:00',65),(965,'penatibus et magnis dis parturient montes, nascetur ridiculus mus. Proin','2018-02-17 23:07:54',66),(966,'vel est tempor bibendum. Donec felis orci, adipiscing non, luctus','2018-09-01 15:43:19',67),(967,'ante dictum cursus. Nunc mauris elit, dictum eu, eleifend nec,','2017-09-14 05:43:02',68),(968,'eleifend nec, malesuada ut, sem. Nulla interdum. Curabitur dictum. Phasellus','2018-04-09 20:12:43',69),(969,'enim, gravida sit amet, dapibus id, blandit at, nisi. Cum','2018-08-04 12:02:16',70),(970,'ornare. Fusce mollis. Duis sit amet diam eu dolor egestas','2017-04-26 20:41:30',71),(971,'lectus convallis est, vitae sodales nisi magna sed dui. Fusce','2018-01-02 21:30:15',72),(972,'Sed nulla ante, iaculis nec, eleifend non, dapibus rutrum, justo.','2017-07-21 20:07:19',73),(973,'lorem fringilla ornare placerat, orci lacus vestibulum lorem, sit amet','2017-12-17 14:19:59',74),(974,'sed pede nec ante blandit viverra. Donec tempus, lorem fringilla','2017-05-13 03:22:40',75),(975,'rutrum non, hendrerit id, ante. Nunc mauris sapien, cursus in,','2018-02-27 12:57:07',76),(976,'dictum magna. Ut tincidunt orci quis lectus. Nullam suscipit, est','2018-06-12 12:19:23',77),(977,'nunc ac mattis ornare, lectus ante dictum mi, ac mattis','2017-11-14 05:18:53',78),(978,'vitae, posuere at, velit. Cras lorem lorem, luctus ut, pellentesque','2017-06-23 14:06:15',79),(979,'urna convallis erat, eget tincidunt dui augue eu tellus. Phasellus','2017-01-10 13:48:47',80),(980,'molestie arcu. Sed eu nibh vulputate mauris sagittis placerat. Cras','2017-11-22 18:38:58',81),(981,'Nullam enim. Sed nulla ante, iaculis nec, eleifend non, dapibus','2018-09-22 02:45:09',82),(982,'sit amet diam eu dolor egestas rhoncus. Proin nisl sem,','2017-07-04 14:24:42',83),(983,'Duis ac arcu. Nunc mauris. Morbi non sapien molestie orci','2018-08-26 03:54:14',84),(984,'velit eget laoreet posuere, enim nisl elementum purus, accumsan interdum','2018-09-01 22:32:20',85),(985,'odio a purus. Duis elementum, dui quis accumsan convallis, ante','2016-11-04 15:01:53',86),(986,'Aenean eget metus. In nec orci. Donec nibh. Quisque nonummy','2018-03-30 23:17:07',87),(987,'placerat velit. Quisque varius. Nam porttitor scelerisque neque. Nullam nisl.','2018-08-29 22:56:16',88),(988,'dolor. Fusce mi lorem, vehicula et, rutrum eu, ultrices sit','2018-04-15 08:58:10',89),(989,'mollis non, cursus non, egestas a, dui. Cras pellentesque. Sed','2017-06-10 09:48:45',90),(990,'erat. Sed nunc est, mollis non, cursus non, egestas a,','2017-09-17 13:52:35',91),(991,'mauris sagittis placerat. Cras dictum ultricies ligula. Nullam enim. Sed','2017-07-30 00:46:45',92),(992,'dolor vitae dolor. Donec fringilla. Donec feugiat metus sit amet','2017-01-16 23:18:45',93),(993,'lacinia at, iaculis quis, pede. Praesent eu dui. Cum sociis','2018-09-12 16:41:46',94),(994,'tincidunt. Donec vitae erat vel pede blandit congue. In scelerisque','2018-01-05 15:28:13',95),(995,'ipsum primis in faucibus orci luctus et ultrices posuere cubilia','2017-02-15 13:36:45',96),(996,'eleifend, nunc risus varius orci, in consequat enim diam vel','2018-10-08 05:19:34',97),(997,'elit. Aliquam auctor, velit eget laoreet posuere, enim nisl elementum','2017-09-20 05:33:58',98),(998,'feugiat metus sit amet ante. Vivamus non lorem vitae odio','2017-08-11 06:24:56',99),(999,'nisi. Mauris nulla. Integer urna. Vivamus molestie dapibus ligula. Aliquam','2018-06-20 11:20:22',100),(1000,'fames ac turpis egestas. Fusce aliquet magna a neque. Nullam','2018-05-12 02:34:30',1),(1001,'Proin vel arcu eu odio tristique pharetra. Quisque ac libero','2017-10-13 03:15:43',2),(1002,'venenatis vel, faucibus id, libero. Donec consectetuer mauris id sapien.','2018-04-23 13:00:56',3),(1003,'tellus eu augue porttitor interdum. Sed auctor odio a purus.','2017-09-16 06:53:20',4),(1004,'Suspendisse eleifend. Cras sed leo. Cras vehicula aliquet libero. Integer','2016-11-21 07:18:14',5),(1005,'primis in faucibus orci luctus et ultrices posuere cubilia Curae;','2017-05-22 01:36:51',6),(1006,'purus sapien, gravida non, sollicitudin a, malesuada id, erat. Etiam','2017-01-12 13:49:26',7),(1007,'faucibus ut, nulla. Cras eu tellus eu augue porttitor interdum.','2017-05-03 20:32:37',8),(1008,'risus. Donec egestas. Duis ac arcu. Nunc mauris. Morbi non','2018-06-22 21:58:40',9),(1009,'cursus, diam at pretium aliquet, metus urna convallis erat, eget','2017-11-20 02:34:00',10),(1010,'arcu. Morbi sit amet massa. Quisque porttitor eros nec tellus.','2017-01-12 03:07:24',11),(1011,'leo. Cras vehicula aliquet libero. Integer in magna. Phasellus dolor','2017-08-01 16:50:26',12),(1012,'lorem, sit amet ultricies sem magna nec quam. Curabitur vel','2018-05-31 11:25:24',13),(1013,'luctus, ipsum leo elementum sem, vitae aliquam eros turpis non','2018-02-03 20:33:45',14),(1014,'cursus non, egestas a, dui. Cras pellentesque. Sed dictum. Proin','2018-10-01 03:06:03',15),(1015,'in felis. Nulla tempor augue ac ipsum. Phasellus vitae mauris','2018-08-25 22:49:21',16),(1016,'turpis egestas. Fusce aliquet magna a neque. Nullam ut nisi','2017-12-04 20:55:14',17),(1017,'rhoncus. Proin nisl sem, consequat nec, mollis vitae, posuere at,','2016-12-15 03:21:30',18),(1018,'elit, dictum eu, eleifend nec, malesuada ut, sem. Nulla interdum.','2017-09-12 09:41:33',19),(1019,'fermentum arcu. Vestibulum ante ipsum primis in faucibus orci luctus','2018-06-12 07:34:18',20),(1020,'faucibus orci luctus et ultrices posuere cubilia Curae; Phasellus ornare.','2018-09-01 13:49:31',21),(1021,'Curabitur massa. Vestibulum accumsan neque et nunc. Quisque ornare tortor','2018-09-23 03:51:50',22),(1022,'cursus in, hendrerit consectetuer, cursus et, magna. Praesent interdum ligula','2016-12-03 00:07:52',23),(1023,'neque. In ornare sagittis felis. Donec tempor, est ac mattis','2018-07-17 14:21:37',24),(1024,'magna. Lorem ipsum dolor sit amet, consectetuer adipiscing elit. Etiam','2018-08-21 01:51:27',25),(1025,'pharetra, felis eget varius ultrices, mauris ipsum porta elit, a','2017-03-16 22:50:19',26),(1026,'magna, malesuada vel, convallis in, cursus et, eros. Proin ultrices.','2017-04-01 07:20:15',27),(1027,'magna nec quam. Curabitur vel lectus. Cum sociis natoque penatibus','2017-03-11 20:01:46',28),(1028,'velit eu sem. Pellentesque ut ipsum ac mi eleifend egestas.','2017-07-12 09:11:01',29),(1029,'aptent taciti sociosqu ad litora torquent per conubia nostra, per','2018-10-21 02:45:46',30),(1030,'sed consequat auctor, nunc nulla vulputate dui, nec tempus mauris','2018-08-16 02:27:26',31),(1031,'metus vitae velit egestas lacinia. Sed congue, elit sed consequat','2018-08-16 10:10:30',32),(1032,'sit amet ornare lectus justo eu arcu. Morbi sit amet','2017-06-29 11:50:57',33),(1033,'lorem tristique aliquet. Phasellus fermentum convallis ligula. Donec luctus aliquet','2018-01-13 06:06:14',34),(1034,'dolor sit amet, consectetuer adipiscing elit. Etiam laoreet, libero et','2018-02-13 05:52:51',35),(1035,'Morbi sit amet massa. Quisque porttitor eros nec tellus. Nunc','2017-01-09 01:04:01',36),(1036,'vel turpis. Aliquam adipiscing lobortis risus. In mi pede, nonummy','2018-08-05 07:16:48',37),(1037,'erat, in consectetuer ipsum nunc id enim. Curabitur massa. Vestibulum','2017-11-28 16:28:01',38),(1038,'sem. Pellentesque ut ipsum ac mi eleifend egestas. Sed pharetra,','2017-08-30 19:09:05',39),(1039,'non justo. Proin non massa non ante bibendum ullamcorper. Duis','2017-04-30 00:44:11',40),(1040,'rutrum lorem ac risus. Morbi metus. Vivamus euismod urna. Nullam','2018-07-24 18:32:37',41),(1041,'litora torquent per conubia nostra, per inceptos hymenaeos. Mauris ut','2017-09-03 10:20:20',42),(1042,'vulputate velit eu sem. Pellentesque ut ipsum ac mi eleifend','2017-02-11 22:14:40',43),(1043,'lorem, vehicula et, rutrum eu, ultrices sit amet, risus. Donec','2017-07-11 14:12:36',44),(1044,'nibh vulputate mauris sagittis placerat. Cras dictum ultricies ligula. Nullam','2018-02-11 05:21:54',45),(1045,'semper pretium neque. Morbi quis urna. Nunc quis arcu vel','2018-03-04 13:52:15',46),(1046,'lectus sit amet luctus vulputate, nisi sem semper erat, in','2018-10-19 08:49:32',47),(1047,'Cras lorem lorem, luctus ut, pellentesque eget, dictum placerat, augue.','2018-07-24 21:21:33',48),(1048,'tincidunt dui augue eu tellus. Phasellus elit pede, malesuada vel,','2017-04-25 09:02:53',49),(1049,'tincidunt. Donec vitae erat vel pede blandit congue. In scelerisque','2018-02-26 04:21:57',50),(1050,'nisi nibh lacinia orci, consectetuer euismod est arcu ac orci.','2017-01-15 19:30:14',51),(1051,'mauris. Suspendisse aliquet molestie tellus. Aenean egestas hendrerit neque. In','2018-01-23 04:11:44',52),(1052,'sem eget massa. Suspendisse eleifend. Cras sed leo. Cras vehicula','2018-10-28 10:07:19',53),(1053,'dolor dapibus gravida. Aliquam tincidunt, nunc ac mattis ornare, lectus','2018-08-17 04:04:54',54),(1054,'enim. Sed nulla ante, iaculis nec, eleifend non, dapibus rutrum,','2018-05-22 07:06:52',55),(1055,'gravida molestie arcu. Sed eu nibh vulputate mauris sagittis placerat.','2016-11-16 22:08:33',56),(1056,'nec, imperdiet nec, leo. Morbi neque tellus, imperdiet non, vestibulum','2016-12-08 04:00:21',57),(1057,'nascetur ridiculus mus. Donec dignissim magna a tortor. Nunc commodo','2016-12-19 11:02:06',58),(1058,'Curabitur egestas nunc sed libero. Proin sed turpis nec mauris','2016-11-29 16:50:13',59),(1059,'adipiscing fringilla, porttitor vulputate, posuere vulputate, lacus. Cras interdum. Nunc','2017-10-29 04:30:28',60),(1060,'pede. Nunc sed orci lobortis augue scelerisque mollis. Phasellus libero','2018-01-09 15:39:56',61),(1061,'nibh vulputate mauris sagittis placerat. Cras dictum ultricies ligula. Nullam','2017-01-11 12:40:36',62),(1062,'mus. Donec dignissim magna a tortor. Nunc commodo auctor velit.','2017-08-01 12:16:09',63),(1063,'eu arcu. Morbi sit amet massa. Quisque porttitor eros nec','2017-08-14 23:23:16',64),(1064,'id, libero. Donec consectetuer mauris id sapien. Cras dolor dolor,','2017-03-21 06:04:43',65),(1065,'augue, eu tempor erat neque non quam. Pellentesque habitant morbi','2017-10-04 04:55:06',66),(1066,'neque. Sed eget lacus. Mauris non dui nec urna suscipit','2018-03-23 06:37:31',67),(1067,'parturient montes, nascetur ridiculus mus. Aenean eget magna. Suspendisse tristique','2018-10-01 01:02:37',68),(1068,'Mauris nulla. Integer urna. Vivamus molestie dapibus ligula. Aliquam erat','2017-02-23 15:13:06',69),(1069,'tempus, lorem fringilla ornare placerat, orci lacus vestibulum lorem, sit','2017-04-26 04:41:03',70),(1070,'leo. Cras vehicula aliquet libero. Integer in magna. Phasellus dolor','2017-03-30 14:53:03',71),(1071,'rutrum eu, ultrices sit amet, risus. Donec nibh enim, gravida','2018-08-16 13:39:20',72),(1072,'Sed eu nibh vulputate mauris sagittis placerat. Cras dictum ultricies','2017-08-09 14:34:09',73),(1073,'sociis natoque penatibus et magnis dis parturient montes, nascetur ridiculus','2018-06-27 23:53:55',74),(1074,'mus. Proin vel arcu eu odio tristique pharetra. Quisque ac','2018-01-30 05:56:17',75),(1075,'quam vel sapien imperdiet ornare. In faucibus. Morbi vehicula. Pellentesque','2018-08-28 07:41:33',76),(1076,'Sed dictum. Proin eget odio. Aliquam vulputate ullamcorper magna. Sed','2017-02-20 19:02:46',77),(1077,'lobortis ultrices. Vivamus rhoncus. Donec est. Nunc ullamcorper, velit in','2018-01-31 18:38:25',78),(1078,'mauris blandit mattis. Cras eget nisi dictum augue malesuada malesuada.','2017-10-12 10:49:51',79),(1079,'ultrices. Duis volutpat nunc sit amet metus. Aliquam erat volutpat.','2018-07-16 07:55:59',80),(1080,'arcu. Sed et libero. Proin mi. Aliquam gravida mauris ut','2017-05-25 11:25:11',81),(1081,'elementum sem, vitae aliquam eros turpis non enim. Mauris quis','2017-04-05 17:39:21',82),(1082,'augue eu tellus. Phasellus elit pede, malesuada vel, venenatis vel,','2017-05-11 02:57:14',83),(1083,'adipiscing. Mauris molestie pharetra nibh. Aliquam ornare, libero at auctor','2017-07-19 12:03:57',84),(1084,'diam lorem, auctor quis, tristique ac, eleifend vitae, erat. Vivamus','2017-10-06 18:53:03',85),(1085,'mi fringilla mi lacinia mattis. Integer eu lacus. Quisque imperdiet,','2018-07-23 14:15:11',86),(1086,'dolor. Fusce feugiat. Lorem ipsum dolor sit amet, consectetuer adipiscing','2018-10-16 12:55:37',87),(1087,'Cum sociis natoque penatibus et magnis dis parturient montes, nascetur','2018-04-09 13:39:41',88),(1088,'turpis egestas. Aliquam fringilla cursus purus. Nullam scelerisque neque sed','2017-10-13 15:52:47',89),(1089,'at augue id ante dictum cursus. Nunc mauris elit, dictum','2018-10-19 01:04:50',90),(1090,'ornare sagittis felis. Donec tempor, est ac mattis semper, dui','2018-03-05 11:59:34',91),(1091,'arcu. Nunc mauris. Morbi non sapien molestie orci tincidunt adipiscing.','2017-05-08 05:40:01',92),(1092,'Aenean gravida nunc sed pede. Cum sociis natoque penatibus et','2017-06-10 09:34:51',93),(1093,'Nulla facilisis. Suspendisse commodo tincidunt nibh. Phasellus nulla. Integer vulputate,','2017-05-31 08:48:41',94),(1094,'risus. Quisque libero lacus, varius et, euismod et, commodo at,','2018-08-11 08:49:58',95),(1095,'libero. Proin mi. Aliquam gravida mauris ut mi. Duis risus','2017-05-30 05:04:22',96),(1096,'sem eget massa. Suspendisse eleifend. Cras sed leo. Cras vehicula','2018-09-17 04:10:48',97),(1097,'vestibulum nec, euismod in, dolor. Fusce feugiat. Lorem ipsum dolor','2017-05-10 09:44:16',98),(1098,'In faucibus. Morbi vehicula. Pellentesque tincidunt tempus risus. Donec egestas.','2017-09-15 05:46:30',99),(1099,'auctor quis, tristique ac, eleifend vitae, erat. Vivamus nisi. Mauris','2016-12-17 07:06:26',100),(2000,'teste','2018-07-04 22:52:53',1),(2001,'teste','2018-07-04 22:52:53',1),(2002,'teste','2018-07-04 22:52:53',1),(10100,'sasdadsdsddasdsadsadsdad','2016-11-29 08:27:45',2);
/*!40000 ALTER TABLE `message` ENABLE KEYS */;
UNLOCK TABLES;

--
-- Table structure for table `profile`
--

DROP TABLE IF EXISTS `profile`;
/*!40101 SET @saved_cs_client     = @@character_set_client */;
/*!40101 SET character_set_client = utf8 */;
CREATE TABLE `profile` (
  `id_profile` int(11) NOT NULL,
  `name` varchar(20) NOT NULL,
  `first_name` varchar(50) NOT NULL,
  `last_name` varchar(100) NOT NULL,
  `email` varchar(100) NOT NULL,
  `created` timestamp NOT NULL DEFAULT CURRENT_TIMESTAMP ON UPDATE CURRENT_TIMESTAMP,
  PRIMARY KEY (`id_profile`)
) ENGINE=InnoDB DEFAULT CHARSET=utf8;
/*!40101 SET character_set_client = @saved_cs_client */;

--
-- Dumping data for table `profile`
--

LOCK TABLES `profile` WRITE;
/*!40000 ALTER TABLE `profile` DISABLE KEYS */;
INSERT INTO `profile` VALUES (1,'Drake','Wade','Serrano','id.nunc.interdum@Aeneangravida.co.uk','2016-11-25 23:37:31'),(2,'Ursa','Odette','Jackson','ullamcorper.Duis.at@nibh.net','2017-07-23 19:30:07'),(3,'Beverly','Zia','Chavez','interdum.libero@risus.ca','2018-10-10 15:53:39'),(4,'Griffith','Amela','Reed','sapien.Aenean.massa@ligula.org','2016-11-08 08:36:42'),(5,'Maxine','Alana','Garrett','vehicula@Namconsequatdolor.com','2017-11-27 19:19:50'),(6,'Virginia','Timothy','Cooper','justo.eu.arcu@rutrum.org','2017-09-21 03:47:53'),(7,'Chaney','Beau','Tran','dictum.placerat@commodo.co.uk','2017-03-12 07:41:19'),(8,'Carson','Colorado','Barton','Mauris.magna.Duis@cubiliaCurae.co.uk','2017-08-07 21:09:14'),(9,'Ezra','Uriah','Watts','vitae.dolor.Donec@Lorem.org','2016-11-12 15:07:41'),(10,'Eric','Neville','Cooper','orci.sem@lobortisquispede.com','2018-05-05 13:18:35'),(11,'Camden','Alexandra','Welch','vulputate@ornareliberoat.org','2016-11-03 22:16:03'),(12,'Armando','Bruce','Dixon','arcu.Sed.et@etnetuset.edu','2018-07-07 05:46:12'),(13,'Clayton','Maxine','Valenzuela','quis.arcu@liberoestcongue.net','2018-05-17 04:21:40'),(14,'Britanni','Axel','Finch','Nunc@Mauris.com','2017-04-22 10:37:50'),(15,'Valentine','Clare','Shepard','mauris.erat@Duismienim.com','2018-01-29 18:08:57'),(16,'Henry','Belle','Hines','Nam.porttitor.scelerisque@Nuncmauriselit.net','2017-10-09 15:58:01'),(17,'Veda','Michael','Hickman','erat.vitae@afacilisis.edu','2017-08-19 08:42:35'),(18,'Perry','May','Simon','ut.dolor.dapibus@convallis.com','2018-06-19 11:06:22'),(19,'Levi','Simone','Adkins','ad@Vivamusnibh.ca','2017-11-10 06:35:32'),(20,'Kelly','Jana','Cooley','eu.erat.semper@scelerisqueneque.org','2017-03-20 23:42:20'),(21,'Katell','Shelly','Peters','arcu.Vivamus.sit@vulputaterisus.net','2017-07-30 21:09:45'),(22,'Caryn','Honorato','Schultz','ridiculus.mus@senectusetnetus.com','2018-04-27 11:22:38'),(23,'Zachary','Winter','Gilbert','eget.dictum.placerat@laoreetlectusquis.org','2017-07-29 14:12:32'),(24,'Roth','Slade','Macdonald','auctor.Mauris.vel@indolorFusce.org','2017-11-11 15:52:05'),(25,'Haviva','Griffith','Bernard','Donec@arcu.com','2017-03-26 20:07:53'),(26,'Forrest','Cedric','Woods','lobortis.ultrices@magna.com','2017-09-13 22:46:51'),(27,'Olivia','Kendall','Gregory','netus.et.malesuada@sed.edu','2018-04-01 08:50:18'),(28,'Guinevere','Caryn','Paul','et.nunc@Vivamus.org','2017-10-09 06:04:09'),(29,'Adele','Ayanna','Thomas','vitae.semper@ac.com','2017-04-27 05:17:33'),(30,'Benjamin','Quinlan','Bridges','vitae.odio.sagittis@elit.co.uk','2018-02-04 21:26:30'),(31,'Gage','Clio','Bishop','magna.malesuada@sagittisfelis.edu','2018-04-09 00:40:37'),(32,'Allen','Evangeline','Good','sit.amet@ipsumnunc.com','2018-04-20 09:59:44'),(33,'Basia','Ignacia','Lawrence','ac.turpis.egestas@orciPhasellus.co.uk','2018-03-23 05:27:47'),(34,'Ethan','Carter','Shaw','mauris.sit@eratvolutpat.co.uk','2017-02-07 13:27:23'),(35,'Hamish','Calvin','Nash','fringilla@Duisvolutpat.ca','2017-12-23 10:25:10'),(36,'April','Wyatt','Duffy','varius@urnaUt.org','2017-06-15 01:54:45'),(37,'Stewart','Griffith','Baldwin','Praesent.interdum@auctor.net','2016-12-07 03:02:53'),(38,'Ignacia','Chester','Pittman','ante.bibendum.ullamcorper@lobortis.com','2017-08-31 14:13:35'),(39,'May','Mariam','Mclean','enim@libero.edu','2018-04-26 05:34:42'),(40,'Shannon','Peter','Humphrey','sollicitudin.adipiscing.ligula@sitametluctus.co.uk','2018-05-16 11:12:12'),(41,'Tyler','Ashton','Leonard','tellus.eu.augue@commodoauctorvelit.org','2018-08-10 14:07:37'),(42,'Shea','Rigel','Boyd','quam.dignissim.pharetra@Sed.net','2017-03-29 22:54:20'),(43,'Mohammad','Mariko','Page','feugiat.Lorem.ipsum@semperpretium.co.uk','2017-08-20 01:18:19'),(44,'Abraham','Amela','Hebert','libero@arcu.co.uk','2017-03-18 10:22:49'),(45,'Odysseus','Raya','Vega','erat.semper@SuspendisseduiFusce.net','2018-10-18 19:04:55'),(46,'Caldwell','Keith','Wilder','erat@sitamet.ca','2018-04-25 20:46:24'),(47,'Troy','Jared','Walton','orci.luctus.et@luctus.org','2018-01-27 19:39:23'),(48,'Boris','Mariko','Lott','vulputate@elementumlorem.com','2018-06-10 23:51:28'),(49,'Malachi','Delilah','Thomas','Nunc.ut.erat@temporarcuVestibulum.com','2017-08-21 20:31:23'),(50,'Lesley','Dominique','Charles','ornare.Fusce@Ut.ca','2018-02-25 22:51:19'),(51,'Ray','Caldwell','Boyer','arcu.et@pharetraNam.ca','2017-11-20 20:20:25'),(52,'Rhonda','Odysseus','Petersen','feugiat@duilectusrutrum.org','2017-03-28 13:39:34'),(53,'Jerry','Dylan','Hewitt','amet@odiosempercursus.net','2017-03-24 14:36:18'),(54,'Natalie','Wade','Robertson','ante.Vivamus@lectus.edu','2017-05-26 13:22:41'),(55,'Curran','Jennifer','Tanner','quam@ornarelibero.ca','2017-05-16 21:36:26'),(56,'Price','Mariko','Ray','vulputate.nisi.sem@egetipsum.org','2018-10-28 10:04:01'),(57,'Dana','Xenos','Whitehead','Proin.non@egestas.ca','2017-04-30 01:33:11'),(58,'Samantha','Mary','Oneill','tellus.imperdiet.non@risusInmi.edu','2017-11-27 11:35:15'),(59,'Ulysses','Odette','Russo','Aliquam.tincidunt@mauris.ca','2017-08-22 15:12:08'),(60,'Alea','Gage','Bradford','tellus.imperdiet.non@mauris.ca','2018-02-04 09:39:22'),(61,'Pamela','Oren','Nieves','at.egestas.a@orciPhasellus.co.uk','2016-11-09 04:12:46'),(62,'Bert','Carl','Gay','feugiat.nec.diam@a.edu','2018-08-19 05:27:40'),(63,'Elliott','Isaiah','Ayala','mollis@loremut.net','2017-04-27 11:15:14'),(64,'Noelle','Mari','Joyner','Etiam.laoreet.libero@sedfacilisis.edu','2017-04-24 14:21:36'),(65,'India','Christen','Mullen','Proin.sed@pedeultricesa.ca','2017-09-20 19:22:07'),(66,'Allegra','Hector','Tate','quis@tristiquesenectuset.com','2018-08-26 17:13:56'),(67,'Noel','Fleur','Osborne','facilisis.vitae.orci@euismod.org','2016-11-30 09:10:47'),(68,'Sigourney','Jin','Rowland','eu.ligula.Aenean@penatibus.edu','2018-09-02 18:33:26'),(69,'Tashya','Rama','Cortez','ad.litora.torquent@Curabiturvel.com','2017-04-11 01:37:47'),(70,'Bertha','Alfreda','Morse','Nullam@sitamet.ca','2017-07-28 07:20:40'),(71,'Addison','Geraldine','Lucas','rutrum@SedmolestieSed.net','2018-06-26 21:21:21'),(72,'Ivor','Buffy','Daniel','Ut.tincidunt.vehicula@vestibulumnequesed.org','2018-09-17 12:15:29'),(73,'Marah','Lucian','Hughes','lorem.luctus.ut@Cumsociis.co.uk','2017-08-13 14:35:18'),(74,'Norman','Dante','Casey','elit@tempuseu.org','2018-02-08 00:58:54'),(75,'Adrienne','Aiko','Beasley','neque@tristiquesenectuset.net','2017-05-03 07:11:18'),(76,'Allegra','Honorato','Mccormick','ligula.consectetuer@quisaccumsan.co.uk','2018-03-26 07:50:48'),(77,'Candice','Ray','Dyer','felis.purus.ac@nuncsedlibero.co.uk','2018-02-28 06:13:03'),(78,'Brock','Ferris','Farrell','augue.Sed@inmolestietortor.ca','2017-02-17 23:39:13'),(79,'Holmes','Daphne','Walter','justo.Proin@utmiDuis.ca','2017-08-05 20:23:49'),(80,'Dawn','Tallulah','Lamb','pede.Suspendisse@cursusNuncmauris.net','2017-10-28 05:42:22'),(81,'Vernon','Brenden','Serrano','non.dapibus.rutrum@Fusce.net','2018-04-08 18:20:09'),(82,'Basil','Fiona','Bryant','vestibulum.nec.euismod@Proin.com','2016-12-25 04:39:21'),(83,'Quinn','Mira','Evans','rutrum.justo.Praesent@eratSednunc.edu','2017-11-10 13:25:23'),(84,'Winter','Owen','Evans','gravida.Aliquam.tincidunt@semper.net','2018-06-25 13:02:24'),(85,'Macy','Zorita','Owens','rutrum.magna@arcu.co.uk','2017-12-04 03:12:02'),(86,'Octavia','Caldwell','Wade','pulvinar.arcu.et@risusDuisa.org','2016-12-30 18:20:35'),(87,'Ryder','Malachi','Figueroa','vulputate.dui@odioauctorvitae.co.uk','2017-12-12 05:02:34'),(88,'Marcia','Ariel','Walker','non.dui.nec@Aeneanegetmagna.com','2017-01-28 19:10:10'),(89,'Keith','Baxter','Chang','augue@etpedeNunc.ca','2018-06-25 19:06:22'),(90,'Lyle','Hop','Kidd','Phasellus.nulla@auctorullamcorper.net','2017-07-12 07:49:42'),(91,'Claire','Holmes','Henderson','turpis.Aliquam@tristique.ca','2017-05-18 07:47:45'),(92,'Colt','Aaron','Carpenter','nec@at.org','2017-09-12 23:16:30'),(93,'Zahir','Nita','Tran','Nulla.tempor@facilisislorem.co.uk','2018-01-13 18:41:41'),(94,'Beau','Caldwell','Logan','non.justo@suscipitest.com','2017-04-20 16:40:49'),(95,'Elliott','Rooney','Byers','Donec.sollicitudin@fringillaeuismodenim.co.uk','2018-03-21 23:59:24'),(96,'Laurel','Giselle','Phillips','Cras@lectus.org','2017-01-21 06:37:09'),(97,'Howard','Aristotle','Odom','elit.Curabitur.sed@ac.net','2018-09-03 11:04:11'),(98,'Wing','Garth','Craig','augue.id.ante@Fuscealiquetmagna.net','2018-01-14 13:43:59'),(99,'Bernard','Ralph','Walton','mauris.a@ac.ca','2018-06-03 02:23:13'),(100,'Dahlia','Bruce','Bullock','risus.a.ultricies@Quisquetinciduntpede.ca','2018-06-20 16:56:06');
/*!40000 ALTER TABLE `profile` ENABLE KEYS */;
UNLOCK TABLES;
/*!40103 SET TIME_ZONE=@OLD_TIME_ZONE */;

/*!40101 SET SQL_MODE=@OLD_SQL_MODE */;
/*!40014 SET FOREIGN_KEY_CHECKS=@OLD_FOREIGN_KEY_CHECKS */;
/*!40014 SET UNIQUE_CHECKS=@OLD_UNIQUE_CHECKS */;
/*!40101 SET CHARACTER_SET_CLIENT=@OLD_CHARACTER_SET_CLIENT */;
/*!40101 SET CHARACTER_SET_RESULTS=@OLD_CHARACTER_SET_RESULTS */;
/*!40101 SET COLLATION_CONNECTION=@OLD_COLLATION_CONNECTION */;
/*!40111 SET SQL_NOTES=@OLD_SQL_NOTES */;

-- Dump completed on 2017-12-26 13:29:53
